"series","subject","block","n_reps","mean","ci_lower","ci_upper","block_start_day","scenario"
"arrivals","system",1,30,14.7844444444444,14.1425718437773,15.4263170451116,1,"moderate_intensity"
"arrivals","system",2,30,15.3377777777778,14.3658508741051,16.3097046814504,31,"moderate_intensity"
"arrivals","system",3,30,14.7544444444444,14.0392656356129,15.469623253276,61,"moderate_intensity"
"arrivals","system",4,30,14.7355555555556,14.1378470790311,15.33326403208,91,"moderate_intensity"
"arrivals","system",5,30,15.4488888888889,14.5062377057597,16.3915400720181,121,"moderate_intensity"
"arrivals","system",6,30,15.2088888888889,14.4224473097258,15.995330468052,151,"moderate_intensity"
"arrivals","system",7,30,14.42,13.7861182756684,15.0538817243316,181,"moderate_intensity"
"arrivals","system",8,30,14.5944444444444,13.7621354629485,15.4267534259404,211,"moderate_intensity"
"arrivals","system",9,30,15.3711111111111,14.6708843667144,16.0713378555078,241,"moderate_intensity"
"arrivals","system",10,30,14.5488888888889,13.9243454043373,15.1734323734404,271,"moderate_intensity"
"arrivals","system",11,30,15.7155555555556,14.6088395215007,16.8222715896104,301,"moderate_intensity"
"arrivals","system",12,30,15.1755555555556,14.3230056041469,16.0281055069642,331,"moderate_intensity"
"dow","system",1,30,0.0288888888888889,0.0136504890158374,0.0441272887619404,1,"moderate_intensity"
"dow","system",2,30,0.0266666666666667,0.012269499071687,0.0410638342616463,31,"moderate_intensity"
"dow","system",3,30,0.0344444444444444,0.0207769686262303,0.0481119202626586,61,"moderate_intensity"
"dow","system",4,30,0.0277777777777778,0.0168957108471735,0.0386598447083821,91,"moderate_intensity"
"dow","system",5,30,0.0255555555555556,0.0139144856166719,0.0371966254944392,121,"moderate_intensity"
"dow","system",6,30,0.0288888888888889,0.0167755413956536,0.0410022363821242,151,"moderate_intensity"
"dow","system",7,30,0.0255555555555556,0.0153839704714941,0.035727140639617,181,"moderate_intensity"
"dow","system",8,30,0.0344444444444444,0.0215824467597268,0.0473064421291621,211,"moderate_intensity"
"dow","system",9,30,0.0311111111111111,0.0184796213346935,0.0437426008875287,241,"moderate_intensity"
"dow","system",10,30,0.0366666666666667,0.0256544657609081,0.0476788675724252,271,"moderate_intensity"
"dow","system",11,30,0.03,0.0163847401351223,0.0436152598648777,301,"moderate_intensity"
"dow","system",12,30,0.0255555555555556,0.0139144856166719,0.0371966254944392,331,"moderate_intensity"
"evac_backlog","system",1,30,9.04888888888889,6.89838487574287,11.1993929020349,1,"moderate_intensity"
"evac_backlog","system",2,30,2.9,1.72697531815402,4.07302468184598,31,"moderate_intensity"
"evac_backlog","system",3,30,2.26111111111111,0.515042150143685,4.00718007207854,61,"moderate_intensity"
"evac_backlog","system",4,30,2.03777777777778,1.17533578092763,2.90021977462793,91,"moderate_intensity"
"evac_backlog","system",5,30,1.64,1.09834629641455,2.18165370358545,121,"moderate_intensity"
"evac_backlog","system",6,30,2.12444444444444,1.31008369245896,2.93880519642992,151,"moderate_intensity"
"evac_backlog","system",7,30,1.45,1.14278052163183,1.75721947836817,181,"moderate_intensity"
"evac_backlog","system",8,30,1.28777777777778,0.966603531325771,1.60895202422978,211,"moderate_intensity"
"evac_backlog","system",9,30,1.56555555555556,1.1631526657314,1.96795844537971,241,"moderate_intensity"
"evac_backlog","system",10,30,1.65111111111111,1.24212091006392,2.06010131215831,271,"moderate_intensity"
"evac_backlog","system",11,30,2.02888888888889,1.29423813452862,2.76353964324916,301,"moderate_intensity"
"evac_backlog","system",12,30,3.11666666666667,0.969852292572351,5.26348104076098,331,"moderate_intensity"
"mean_queue","R2B holding beds",1,30,3.64707524642254,1.94955898086601,5.34459151197906,1,"moderate_intensity"
"mean_queue","R2B holding beds",2,30,3.39081542865688,2.09965682803418,4.68197402927958,31,"moderate_intensity"
"mean_queue","R2B holding beds",3,30,4.51447396582803,2.78249587203872,6.24645205961733,61,"moderate_intensity"
"mean_queue","R2B holding beds",4,30,5.5757712470843,3.22102750612293,7.93051498804568,91,"moderate_intensity"
"mean_queue","R2B holding beds",5,30,5.70023758283548,3.98744192077503,7.41303324489594,121,"moderate_intensity"
"mean_queue","R2B holding beds",6,30,5.86578390554744,3.46364769974934,8.26792011134553,151,"moderate_intensity"
"mean_queue","R2B holding beds",7,30,4.7651800674345,2.78163643029598,6.74872370457302,181,"moderate_intensity"
"mean_queue","R2B holding beds",8,30,4.18692766133147,2.25666829186012,6.11718703080281,211,"moderate_intensity"
"mean_queue","R2B holding beds",9,30,3.7593613732438,2.15821823635839,5.36050451012922,241,"moderate_intensity"
"mean_queue","R2B holding beds",10,30,4.20725269304961,2.08672669578151,6.32777869031771,271,"moderate_intensity"
"mean_queue","R2B holding beds",11,30,6.41281707314433,3.71690187897189,9.10873226731677,301,"moderate_intensity"
"mean_queue","R2B holding beds",12,30,3.88805576655396,2.55467294954046,5.22143858356747,331,"moderate_intensity"
"mean_queue","R2B operating theatres",1,30,0,0,0,1,"moderate_intensity"
"mean_queue","R2B operating theatres",2,30,0,0,0,31,"moderate_intensity"
"mean_queue","R2B operating theatres",3,30,0,0,0,61,"moderate_intensity"
"mean_queue","R2B operating theatres",4,30,0,0,0,91,"moderate_intensity"
"mean_queue","R2B operating theatres",5,30,0,0,0,121,"moderate_intensity"
"mean_queue","R2B operating theatres",6,30,0,0,0,151,"moderate_intensity"
"mean_queue","R2B operating theatres",7,30,0,0,0,181,"moderate_intensity"
"mean_queue","R2B operating theatres",8,30,0,0,0,211,"moderate_intensity"
"mean_queue","R2B operating theatres",9,30,0,0,0,241,"moderate_intensity"
"mean_queue","R2B operating theatres",10,30,0,0,0,271,"moderate_intensity"
"mean_queue","R2B operating theatres",11,30,0,0,0,301,"moderate_intensity"
"mean_queue","R2B operating theatres",12,30,0,0,0,331,"moderate_intensity"
"mean_queue","R2E holding beds",1,30,2.65633068258657,1.31502620618066,3.99763515899247,1,"moderate_intensity"
"mean_queue","R2E holding beds",2,30,0.908501309177223,0.00859304821081086,1.80840957014363,31,"moderate_intensity"
"mean_queue","R2E holding beds",3,30,0.334243408899121,-0.201274519366377,0.86976133716462,61,"moderate_intensity"
"mean_queue","R2E holding beds",4,30,0.478209711728089,-0.0539955509567467,1.01041497441292,91,"moderate_intensity"
"mean_queue","R2E holding beds",5,30,0.156943298044356,-0.033140714127768,0.34702731021648,121,"moderate_intensity"
"mean_queue","R2E holding beds",6,30,0.0715789965337087,-0.00725648266754886,0.150414475734966,151,"moderate_intensity"
"mean_queue","R2E holding beds",7,30,0.162058669466278,-0.0386718145637486,0.362789153496305,181,"moderate_intensity"
"mean_queue","R2E holding beds",8,30,0.0946519831037071,-0.010791976668725,0.200095942876139,211,"moderate_intensity"
"mean_queue","R2E holding beds",9,30,0.0886807213192544,-0.0180767789386505,0.195438221577159,241,"moderate_intensity"
"mean_queue","R2E holding beds",10,30,0.0676412289159933,-0.0532756370688877,0.188558094900874,271,"moderate_intensity"
"mean_queue","R2E holding beds",11,30,0.0448405256788983,-0.019931649364769,0.109612700722566,301,"moderate_intensity"
"mean_queue","R2E holding beds",12,30,0.122218788702421,-0.126479960272351,0.370917537677193,331,"moderate_intensity"
"mean_queue","R2E intensive care",1,30,1.12870424063015,0.503050182059586,1.75435829920071,1,"moderate_intensity"
"mean_queue","R2E intensive care",2,30,1.16979674418281,0.79148923083791,1.54810425752772,31,"moderate_intensity"
"mean_queue","R2E intensive care",3,30,1.14392021362798,0.197379097585721,2.09046132967025,61,"moderate_intensity"
"mean_queue","R2E intensive care",4,30,0.823727615220858,0.574912688094421,1.0725425423473,91,"moderate_intensity"
"mean_queue","R2E intensive care",5,30,0.846684014406431,0.49799972412253,1.19536830469033,121,"moderate_intensity"
"mean_queue","R2E intensive care",6,30,1.22049144714457,0.646671625655642,1.7943112686335,151,"moderate_intensity"
"mean_queue","R2E intensive care",7,30,0.712821442992665,0.53506236411611,0.89058052186922,181,"moderate_intensity"
"mean_queue","R2E intensive care",8,30,0.644974496165105,0.42443007475135,0.86551891757886,211,"moderate_intensity"
"mean_queue","R2E intensive care",9,30,0.729952556419994,0.510405153445869,0.949499959394119,241,"moderate_intensity"
"mean_queue","R2E intensive care",10,30,0.817859855302036,0.566304592773715,1.06941511783036,271,"moderate_intensity"
"mean_queue","R2E intensive care",11,30,1.13045430584583,0.595052019782154,1.66585659190951,301,"moderate_intensity"
"mean_queue","R2E intensive care",12,30,2.11635967594531,0.252429790766139,3.98028956112448,331,"moderate_intensity"
"mean_queue","R2E operating theatres",1,30,1.90936246124827,1.17197946060742,2.64674546188913,1,"moderate_intensity"
"mean_queue","R2E operating theatres",2,30,3.31496957365482,1.6626960857348,4.96724306157484,31,"moderate_intensity"
"mean_queue","R2E operating theatres",3,30,1.93364887252994,1.43397545835271,2.43332228670718,61,"moderate_intensity"
"mean_queue","R2E operating theatres",4,30,2.30416030332368,1.22483760347913,3.38348300316823,91,"moderate_intensity"
"mean_queue","R2E operating theatres",5,30,2.19369417030327,1.56651291503583,2.82087542557071,121,"moderate_intensity"
"mean_queue","R2E operating theatres",6,30,3.41620263798299,1.55760139822497,5.274803877741,151,"moderate_intensity"
"mean_queue","R2E operating theatres",7,30,1.89856078196919,1.25398976478949,2.5431317991489,181,"moderate_intensity"
"mean_queue","R2E operating theatres",8,30,1.57783417647289,1.0416042658296,2.11406408711618,211,"moderate_intensity"
"mean_queue","R2E operating theatres",9,30,2.84256334287879,1.73395165402343,3.95117503173415,241,"moderate_intensity"
"mean_queue","R2E operating theatres",10,30,2.36798753062484,1.7639744091454,2.97200065210428,271,"moderate_intensity"
"mean_queue","R2E operating theatres",11,30,5.69232623856241,-0.275974438928944,11.6606269160538,301,"moderate_intensity"
"mean_queue","R2E operating theatres",12,30,5.09303647953408,1.32273515679569,8.86333780227248,331,"moderate_intensity"
"occupancy","R2B holding beds",1,30,0.549401525181418,0.525429629148118,0.573373421214718,1,"moderate_intensity"
"occupancy","R2B holding beds",2,30,0.673586546019926,0.654273301570069,0.692899790469784,31,"moderate_intensity"
"occupancy","R2B holding beds",3,30,0.660427831037273,0.631123230833416,0.68973243124113,61,"moderate_intensity"
"occupancy","R2B holding beds",4,30,0.686494364293027,0.664731861990383,0.70825686659567,91,"moderate_intensity"
"occupancy","R2B holding beds",5,30,0.686204412302676,0.666365219472932,0.70604360513242,121,"moderate_intensity"
"occupancy","R2B holding beds",6,30,0.667199416299986,0.643088103810435,0.691310728789537,151,"moderate_intensity"
"occupancy","R2B holding beds",7,30,0.661144591522189,0.630714471925349,0.691574711119029,181,"moderate_intensity"
"occupancy","R2B holding beds",8,30,0.669835570284462,0.642390607906311,0.697280532662613,211,"moderate_intensity"
"occupancy","R2B holding beds",9,30,0.674071279107896,0.650057461758098,0.698085096457694,241,"moderate_intensity"
"occupancy","R2B holding beds",10,30,0.667530454256246,0.64365162877941,0.691409279733081,271,"moderate_intensity"
"occupancy","R2B holding beds",11,30,0.691720489663097,0.667319931866247,0.716121047459947,301,"moderate_intensity"
"occupancy","R2B holding beds",12,30,0.638098395114525,0.608771299090885,0.667425491138165,331,"moderate_intensity"
"occupancy","R2B operating theatres",1,30,0.0796988049114227,0.0749585159829446,0.0844390938399009,1,"moderate_intensity"
"occupancy","R2B operating theatres",2,30,0.0845332492056687,0.0796287810578692,0.0894377173534681,31,"moderate_intensity"
"occupancy","R2B operating theatres",3,30,0.0797247519695023,0.0749334509075359,0.0845160530314687,61,"moderate_intensity"
"occupancy","R2B operating theatres",4,30,0.07854926352328,0.0739284179039724,0.0831701091425877,91,"moderate_intensity"
"occupancy","R2B operating theatres",5,30,0.0835296898616021,0.0775763991647841,0.0894829805584201,121,"moderate_intensity"
"occupancy","R2B operating theatres",6,30,0.0849932557517545,0.079682856934129,0.0903036545693799,151,"moderate_intensity"
"occupancy","R2B operating theatres",7,30,0.0801803975400941,0.0753874550957955,0.0849733399843926,181,"moderate_intensity"
"occupancy","R2B operating theatres",8,30,0.0790934808545797,0.0735288785894726,0.0846580831196869,211,"moderate_intensity"
"occupancy","R2B operating theatres",9,30,0.0864959457303407,0.081154971483821,0.0918369199768603,241,"moderate_intensity"
"occupancy","R2B operating theatres",10,30,0.0827760430488889,0.0786613280774851,0.0868907580202928,271,"moderate_intensity"
"occupancy","R2B operating theatres",11,30,0.0872962717178075,0.0804642219740385,0.0941283214615766,301,"moderate_intensity"
"occupancy","R2B operating theatres",12,30,0.0837665494114768,0.0788834904117872,0.0886496084111664,331,"moderate_intensity"
"occupancy","R2E holding beds",1,30,0.498280898232966,0.444345398572523,0.55221639789341,1,"moderate_intensity"
"occupancy","R2E holding beds",2,30,0.48041083921164,0.438726818445023,0.522094859978257,31,"moderate_intensity"
"occupancy","R2E holding beds",3,30,0.432072368824168,0.384742514217594,0.479402223430742,61,"moderate_intensity"
"occupancy","R2E holding beds",4,30,0.448937731712836,0.406854123695524,0.491021339730148,91,"moderate_intensity"
"occupancy","R2E holding beds",5,30,0.454761519734762,0.413684304548783,0.495838734920742,121,"moderate_intensity"
"occupancy","R2E holding beds",6,30,0.449582594024557,0.411018359846407,0.488146828202707,151,"moderate_intensity"
"occupancy","R2E holding beds",7,30,0.443933459656334,0.397823670300539,0.49004324901213,181,"moderate_intensity"
"occupancy","R2E holding beds",8,30,0.410245209388729,0.370892754164158,0.449597664613301,211,"moderate_intensity"
"occupancy","R2E holding beds",9,30,0.430632739000887,0.39683286433746,0.464432613664315,241,"moderate_intensity"
"occupancy","R2E holding beds",10,30,0.451767295104799,0.4116248044724,0.491909785737197,271,"moderate_intensity"
"occupancy","R2E holding beds",11,30,0.443157831842419,0.413208860558732,0.473106803126105,301,"moderate_intensity"
"occupancy","R2E holding beds",12,30,0.447861968479143,0.419000089974455,0.476723846983831,331,"moderate_intensity"
"occupancy","R2E intensive care",1,30,0.856782539451203,0.829942728988745,0.883622349913662,1,"moderate_intensity"
"occupancy","R2E intensive care",2,30,0.882311282749898,0.864889186065812,0.899733379433985,31,"moderate_intensity"
"occupancy","R2E intensive care",3,30,0.863824869545712,0.844402343389644,0.88324739570178,61,"moderate_intensity"
"occupancy","R2E intensive care",4,30,0.867839664006681,0.849153928214707,0.886525399798655,91,"moderate_intensity"
"occupancy","R2E intensive care",5,30,0.873297084427943,0.849756173125632,0.896837995730254,121,"moderate_intensity"
"occupancy","R2E intensive care",6,30,0.890051991650557,0.87187209856652,0.908231884734594,151,"moderate_intensity"
"occupancy","R2E intensive care",7,30,0.857687323290574,0.834962660296894,0.880411986284254,181,"moderate_intensity"
"occupancy","R2E intensive care",8,30,0.854543294237948,0.83247659359957,0.876609994876325,211,"moderate_intensity"
"occupancy","R2E intensive care",9,30,0.880040547522987,0.866518412313876,0.893562682732098,241,"moderate_intensity"
"occupancy","R2E intensive care",10,30,0.866165787493615,0.849586393058603,0.882745181928627,271,"moderate_intensity"
"occupancy","R2E intensive care",11,30,0.875248574345881,0.859174714456267,0.891322434235494,301,"moderate_intensity"
"occupancy","R2E intensive care",12,30,0.894035908672324,0.874957811463867,0.913114005880781,331,"moderate_intensity"
"occupancy","R2E operating theatres",1,30,0.420177359712404,0.367253098603028,0.473101620821781,1,"moderate_intensity"
"occupancy","R2E operating theatres",2,30,0.494602103462674,0.431764718231861,0.557439488693487,31,"moderate_intensity"
"occupancy","R2E operating theatres",3,30,0.479071978232308,0.423696594063599,0.534447362401017,61,"moderate_intensity"
"occupancy","R2E operating theatres",4,30,0.44336494263777,0.39497425246944,0.4917556328061,91,"moderate_intensity"
"occupancy","R2E operating theatres",5,30,0.502885700863985,0.45539260999269,0.55037879173528,121,"moderate_intensity"
"occupancy","R2E operating theatres",6,30,0.522083942468793,0.444652230697345,0.599515654240242,151,"moderate_intensity"
"occupancy","R2E operating theatres",7,30,0.466273483054115,0.402723951166244,0.529823014941986,181,"moderate_intensity"
"occupancy","R2E operating theatres",8,30,0.426061294233116,0.367513855737979,0.484608732728252,211,"moderate_intensity"
"occupancy","R2E operating theatres",9,30,0.505312117887614,0.44762487888364,0.562999356891588,241,"moderate_intensity"
"occupancy","R2E operating theatres",10,30,0.487201508500583,0.428955367104804,0.545447649896362,271,"moderate_intensity"
"occupancy","R2E operating theatres",11,30,0.498260788512246,0.437571633919518,0.558949943104975,301,"moderate_intensity"
"occupancy","R2E operating theatres",12,30,0.509007531777498,0.443369948983662,0.574645114571334,331,"moderate_intensity"
"arrivals","system",1,30,34.7188888888889,33.6292969639905,35.8084808137872,1,"high_intensity"
"arrivals","system",2,30,35.1955555555556,34.0734419914371,36.317669119674,31,"high_intensity"
"arrivals","system",3,30,33.5011111111111,32.3373797973856,34.6648424248366,61,"high_intensity"
"arrivals","system",4,30,34.0911111111111,32.8096400699633,35.3725821522589,91,"high_intensity"
"arrivals","system",5,30,34.0577777777778,32.7629692058775,35.3525863496781,121,"high_intensity"
"arrivals","system",6,30,34.1544444444444,33.0483959581316,35.2604929307573,151,"high_intensity"
"arrivals","system",7,30,34.0577777777778,33.0987756113779,35.0167799441776,181,"high_intensity"
"arrivals","system",8,30,35.29,33.6773265749037,36.9026734250963,211,"high_intensity"
"arrivals","system",9,30,34.9311111111111,33.4251516680149,36.4370705542073,241,"high_intensity"
"arrivals","system",10,30,33.8,32.5965202930258,35.0034797069742,271,"high_intensity"
"arrivals","system",11,30,35.0011111111111,33.654901201709,36.3473210205133,301,"high_intensity"
"arrivals","system",12,30,34.8511111111111,33.8148390861635,35.8873831360587,331,"high_intensity"
"dow","system",1,30,0.728888888888889,0.665613130601426,0.792164647176351,1,"high_intensity"
"dow","system",2,30,0.745555555555556,0.696799907142068,0.794311203969043,31,"high_intensity"
"dow","system",3,30,0.755555555555556,0.685729534993843,0.825381576117268,61,"high_intensity"
"dow","system",4,30,0.772222222222222,0.697392114639596,0.847052329804849,91,"high_intensity"
"dow","system",5,30,0.835555555555556,0.755226863517723,0.915884247593388,121,"high_intensity"
"dow","system",6,30,0.727777777777778,0.663467789354189,0.792087766201366,151,"high_intensity"
"dow","system",7,30,0.763333333333333,0.692972531678288,0.833694134988379,181,"high_intensity"
"dow","system",8,30,0.821111111111111,0.736094312748839,0.906127909473383,211,"high_intensity"
"dow","system",9,30,0.862222222222222,0.781574939872298,0.942869504572147,241,"high_intensity"
"dow","system",10,30,0.687777777777778,0.615756079502941,0.759799476052614,271,"high_intensity"
"dow","system",11,30,0.797777777777778,0.730317673246819,0.865237882308737,301,"high_intensity"
"dow","system",12,30,0.755555555555556,0.692567505589758,0.818543605521353,331,"high_intensity"
"evac_backlog","system",1,30,68.8344444444444,64.6245058717157,73.0443830171732,1,"high_intensity"
"evac_backlog","system",2,30,205.13,197.224663512884,213.035336487116,31,"high_intensity"
"evac_backlog","system",3,30,360.096666666667,349.536945892795,370.656387440538,61,"high_intensity"
"evac_backlog","system",4,30,515.563333333333,500.787353352069,530.339313314597,91,"high_intensity"
"evac_backlog","system",5,30,683.938888888889,668.059422120517,699.818355657261,121,"high_intensity"
"evac_backlog","system",6,30,850.761111111111,833.778697414753,867.743524807469,151,"high_intensity"
"evac_backlog","system",7,30,1013.73888888889,997.233833328211,1030.24394444957,181,"high_intensity"
"evac_backlog","system",8,30,1179.42777777778,1159.89532068129,1198.96023487426,211,"high_intensity"
"evac_backlog","system",9,30,1346.45444444444,1327.68507851691,1365.22381037198,241,"high_intensity"
"evac_backlog","system",10,30,1508.97666666667,1489.33957324555,1528.61376008778,271,"high_intensity"
"evac_backlog","system",11,30,1680.18888888889,1658.77955289337,1701.5982248844,301,"high_intensity"
"evac_backlog","system",12,30,1850.68555555556,1830.52291746709,1870.84819364402,331,"high_intensity"
"mean_queue","R2B holding beds",1,30,19.0350952417278,12.2491530036284,25.8210374798271,1,"high_intensity"
"mean_queue","R2B holding beds",2,30,29.5155632107272,22.9194804393618,36.1116459820926,31,"high_intensity"
"mean_queue","R2B holding beds",3,30,29.7458998625029,22.7470396760127,36.744760048993,61,"high_intensity"
"mean_queue","R2B holding beds",4,30,33.3242424460481,25.4484975985866,41.1999872935096,91,"high_intensity"
"mean_queue","R2B holding beds",5,30,27.3951532918261,20.5760690043069,34.2142375793453,121,"high_intensity"
"mean_queue","R2B holding beds",6,30,27.5953068644581,22.270908079834,32.9197056490822,151,"high_intensity"
"mean_queue","R2B holding beds",7,30,30.47153733909,22.7253891274818,38.2176855506982,181,"high_intensity"
"mean_queue","R2B holding beds",8,30,40.27437885422,30.6170140401116,49.9317436683285,211,"high_intensity"
"mean_queue","R2B holding beds",9,30,37.873933755999,30.3330584233705,45.4148090886274,241,"high_intensity"
"mean_queue","R2B holding beds",10,30,33.5283801609562,23.5248059979594,43.5319543239529,271,"high_intensity"
"mean_queue","R2B holding beds",11,30,30.979660298102,22.6348711795574,39.3244494166467,301,"high_intensity"
"mean_queue","R2B holding beds",12,30,27.2464311796278,20.8262720322035,33.6665903270522,331,"high_intensity"
"mean_queue","R2B operating theatres",1,30,0,0,0,1,"high_intensity"
"mean_queue","R2B operating theatres",2,30,0,0,0,31,"high_intensity"
"mean_queue","R2B operating theatres",3,30,0,0,0,61,"high_intensity"
"mean_queue","R2B operating theatres",4,30,0,0,0,91,"high_intensity"
"mean_queue","R2B operating theatres",5,30,0,0,0,121,"high_intensity"
"mean_queue","R2B operating theatres",6,30,0,0,0,151,"high_intensity"
"mean_queue","R2B operating theatres",7,30,0,0,0,181,"high_intensity"
"mean_queue","R2B operating theatres",8,30,0,0,0,211,"high_intensity"
"mean_queue","R2B operating theatres",9,30,0,0,0,241,"high_intensity"
"mean_queue","R2B operating theatres",10,30,0,0,0,271,"high_intensity"
"mean_queue","R2B operating theatres",11,30,0,0,0,301,"high_intensity"
"mean_queue","R2B operating theatres",12,30,0,0,0,331,"high_intensity"
"mean_queue","R2E holding beds",1,30,48.5529923339811,44.6324840555552,52.473500612407,1,"high_intensity"
"mean_queue","R2E holding beds",2,30,122.829129595844,112.723108798103,132.935150393585,31,"high_intensity"
"mean_queue","R2E holding beds",3,30,181.082130943776,166.136089040452,196.0281728471,61,"high_intensity"
"mean_queue","R2E holding beds",4,30,240.409788369211,222.542119290523,258.277457447899,91,"high_intensity"
"mean_queue","R2E holding beds",5,30,284.371957872917,264.450931925694,304.292983820139,121,"high_intensity"
"mean_queue","R2E holding beds",6,30,334.599385627505,314.210331241144,354.988440013866,151,"high_intensity"
"mean_queue","R2E holding beds",7,30,380.551344931766,358.038637860658,403.064052002875,181,"high_intensity"
"mean_queue","R2E holding beds",8,30,425.582344107462,403.346285701631,447.818402513292,211,"high_intensity"
"mean_queue","R2E holding beds",9,30,471.970030864249,448.810526917622,495.129534810875,241,"high_intensity"
"mean_queue","R2E holding beds",10,30,516.218915598035,489.702164681475,542.735666514596,271,"high_intensity"
"mean_queue","R2E holding beds",11,30,556.143003513872,527.794223546446,584.491783481298,301,"high_intensity"
"mean_queue","R2E holding beds",12,30,595.878116649497,565.424893171879,626.331340127114,331,"high_intensity"
"mean_queue","R2E intensive care",1,30,32.5034157589617,29.475480257114,35.5313512608093,1,"high_intensity"
"mean_queue","R2E intensive care",2,30,139.883842715805,133.237314787442,146.530370644169,31,"high_intensity"
"mean_queue","R2E intensive care",3,30,271.32832206731,262.398272908141,280.258371226478,61,"high_intensity"
"mean_queue","R2E intensive care",4,30,406.115238020747,394.498952867403,417.731523174091,91,"high_intensity"
"mean_queue","R2E intensive care",5,30,553.654334022328,541.59254920001,565.716118844647,121,"high_intensity"
"mean_queue","R2E intensive care",6,30,698.005651326091,685.926378848764,710.084923803417,151,"high_intensity"
"mean_queue","R2E intensive care",7,30,843.782021279326,831.150237923332,856.413804635321,181,"high_intensity"
"mean_queue","R2E intensive care",8,30,992.183666112846,978.980311916833,1005.38702030886,211,"high_intensity"
"mean_queue","R2E intensive care",9,30,1139.57756066159,1126.11263185131,1153.04248947186,241,"high_intensity"
"mean_queue","R2E intensive care",10,30,1284.98590397556,1270.88736044253,1299.08444750859,271,"high_intensity"
"mean_queue","R2E intensive care",11,30,1439.79072563655,1424.56143946816,1455.02001180494,301,"high_intensity"
"mean_queue","R2E intensive care",12,30,1590.13689399547,1575.27247701809,1605.00131097286,331,"high_intensity"
"mean_queue","R2E operating theatres",1,30,36.9294390331942,29.6223408976886,44.2365371686997,1,"high_intensity"
"mean_queue","R2E operating theatres",2,30,95.887523878215,79.8211211108922,111.953926645538,31,"high_intensity"
"mean_queue","R2E operating theatres",3,30,150.710153358921,127.671909604665,173.748397113177,61,"high_intensity"
"mean_queue","R2E operating theatres",4,30,195.537016586133,168.574312973223,222.499720199043,91,"high_intensity"
"mean_queue","R2E operating theatres",5,30,237.947801276993,205.540877367527,270.354725186459,121,"high_intensity"
"mean_queue","R2E operating theatres",6,30,280.110373872297,241.92734853852,318.293399206075,151,"high_intensity"
"mean_queue","R2E operating theatres",7,30,324.874489828559,283.000011286001,366.748968371117,181,"high_intensity"
"mean_queue","R2E operating theatres",8,30,361.008099011939,313.425370843215,408.590827180664,211,"high_intensity"
"mean_queue","R2E operating theatres",9,30,411.184227593292,359.409643192501,462.958811994083,241,"high_intensity"
"mean_queue","R2E operating theatres",10,30,470.453898104301,416.568336720986,524.339459487616,271,"high_intensity"
"mean_queue","R2E operating theatres",11,30,514.10034037772,457.424438779122,570.776241976318,301,"high_intensity"
"mean_queue","R2E operating theatres",12,30,573.610811665403,516.094428656363,631.127194674443,331,"high_intensity"
"occupancy","R2B holding beds",1,30,0.59819780629951,0.558137264455562,0.638258348143458,1,"high_intensity"
"occupancy","R2B holding beds",2,30,0.726230971034833,0.700760487108739,0.751701454960927,31,"high_intensity"
"occupancy","R2B holding beds",3,30,0.727713810204219,0.70467859747724,0.750749022931197,61,"high_intensity"
"occupancy","R2B holding beds",4,30,0.74188066911729,0.726039840573596,0.757721497660985,91,"high_intensity"
"occupancy","R2B holding beds",5,30,0.726097652811029,0.70410411687863,0.748091188743428,121,"high_intensity"
"occupancy","R2B holding beds",6,30,0.711965102216467,0.688976127169203,0.734954077263731,151,"high_intensity"
"occupancy","R2B holding beds",7,30,0.718080028643498,0.694691088836157,0.741468968450839,181,"high_intensity"
"occupancy","R2B holding beds",8,30,0.726559244606348,0.70156540383926,0.751553085373435,211,"high_intensity"
"occupancy","R2B holding beds",9,30,0.740811738307854,0.718551885631428,0.763071590984281,241,"high_intensity"
"occupancy","R2B holding beds",10,30,0.713953613458784,0.689786838482463,0.738120388435106,271,"high_intensity"
"occupancy","R2B holding beds",11,30,0.693017685001622,0.656929025407531,0.729106344595713,301,"high_intensity"
"occupancy","R2B holding beds",12,30,0.712491226405833,0.684196152555418,0.740786300256249,331,"high_intensity"
"occupancy","R2B operating theatres",1,30,0.181502774281618,0.17468958286683,0.188315965696406,1,"high_intensity"
"occupancy","R2B operating theatres",2,30,0.189239178934246,0.181384768883708,0.197093588984784,31,"high_intensity"
"occupancy","R2B operating theatres",3,30,0.181953232927661,0.174928907116908,0.188977558738413,61,"high_intensity"
"occupancy","R2B operating theatres",4,30,0.180372236247958,0.172733775067282,0.188010697428634,91,"high_intensity"
"occupancy","R2B operating theatres",5,30,0.183553790170426,0.175783432630893,0.191324147709959,121,"high_intensity"
"occupancy","R2B operating theatres",6,30,0.186716873619683,0.180040103251091,0.193393643988276,151,"high_intensity"
"occupancy","R2B operating theatres",7,30,0.181642822433872,0.174466191762425,0.188819453105319,181,"high_intensity"
"occupancy","R2B operating theatres",8,30,0.18456908237331,0.17710571251944,0.192032452227179,211,"high_intensity"
"occupancy","R2B operating theatres",9,30,0.186614821308898,0.177258125459278,0.195971517158517,241,"high_intensity"
"occupancy","R2B operating theatres",10,30,0.182207437793958,0.175284767106515,0.1891301084814,271,"high_intensity"
"occupancy","R2B operating theatres",11,30,0.194657691806283,0.185842268030521,0.203473115582045,301,"high_intensity"
"occupancy","R2B operating theatres",12,30,0.184265919821735,0.177370582450391,0.191161257193078,331,"high_intensity"
"occupancy","R2E holding beds",1,30,0.941503228918636,0.93491406965117,0.948092388186103,1,"high_intensity"
"occupancy","R2E holding beds",2,30,0.999534338634065,0.999364110959805,0.999704566308325,31,"high_intensity"
"occupancy","R2E holding beds",3,30,0.999943045663771,0.999882594219082,1.00000349710846,61,"high_intensity"
"occupancy","R2E holding beds",4,30,0.999991136928642,0.999981985097308,1.00000028875998,91,"high_intensity"
"occupancy","R2E holding beds",5,30,0.999986219952707,0.999963330704435,1.00000910920098,121,"high_intensity"
"occupancy","R2E holding beds",6,30,0.999997510060414,0.999992417562166,1.00000260255866,151,"high_intensity"
"occupancy","R2E holding beds",7,30,1,1,1,181,"high_intensity"
"occupancy","R2E holding beds",8,30,1,1,1,211,"high_intensity"
"occupancy","R2E holding beds",9,30,1,1,1,241,"high_intensity"
"occupancy","R2E holding beds",10,30,1,1,1,271,"high_intensity"
"occupancy","R2E holding beds",11,30,1,1,1,301,"high_intensity"
"occupancy","R2E holding beds",12,30,1,1,1,331,"high_intensity"
"occupancy","R2E intensive care",1,30,0.984342961767131,0.982032814522005,0.986653109012257,1,"high_intensity"
"occupancy","R2E intensive care",2,30,1,1,1,31,"high_intensity"
"occupancy","R2E intensive care",3,30,1,1,1,61,"high_intensity"
"occupancy","R2E intensive care",4,30,1,1,1,91,"high_intensity"
"occupancy","R2E intensive care",5,30,1,1,1,121,"high_intensity"
"occupancy","R2E intensive care",6,30,1,1,1,151,"high_intensity"
"occupancy","R2E intensive care",7,30,1,1,1,181,"high_intensity"
"occupancy","R2E intensive care",8,30,1,1,1,211,"high_intensity"
"occupancy","R2E intensive care",9,30,1,1,1,241,"high_intensity"
"occupancy","R2E intensive care",10,30,1,1,1,271,"high_intensity"
"occupancy","R2E intensive care",11,30,1,1,1,301,"high_intensity"
"occupancy","R2E intensive care",12,30,1,1,1,331,"high_intensity"
"occupancy","R2E operating theatres",1,30,0.960958008826356,0.948146578558045,0.973769439094667,1,"high_intensity"
"occupancy","R2E operating theatres",2,30,0.994871892533778,0.984383735135819,1.00536004993174,31,"high_intensity"
"occupancy","R2E operating theatres",3,30,1,1,1,61,"high_intensity"
"occupancy","R2E operating theatres",4,30,1,1,1,91,"high_intensity"
"occupancy","R2E operating theatres",5,30,1,1,1,121,"high_intensity"
"occupancy","R2E operating theatres",6,30,1,1,1,151,"high_intensity"
"occupancy","R2E operating theatres",7,30,1,1,1,181,"high_intensity"
"occupancy","R2E operating theatres",8,30,1,1,1,211,"high_intensity"
"occupancy","R2E operating theatres",9,30,1,1,1,241,"high_intensity"
"occupancy","R2E operating theatres",10,30,1,1,1,271,"high_intensity"
"occupancy","R2E operating theatres",11,30,1,1,1,301,"high_intensity"
"occupancy","R2E operating theatres",12,30,1,1,1,331,"high_intensity"
