"policy_days","hold_beds","response","n_reps","mean","ci_lower","ci_upper"
15,30,"hold_occupancy",30,1,1,1
15,30,"hold_mean_queue",30,630.147459967359,607.13992252589,653.154997408828
15,30,"icu_occupancy",30,1,1,1
15,30,"icu_mean_queue",30,1447.89994224485,1433.73373391149,1462.06615057822
15,30,"total_rtd",30,2651.33333333333,2617.77526819185,2684.89139847481
15,30,"total_dow",30,271.7,263.364706745454,280.035293254546
15,30,"dispositions",30,5693.26666666667,5659.33294733565,5727.20038599769
15,30,"in_theatre_share",30,0.0313957623627099,0.0304885938421813,0.0323029308832385
15,30,"post_definitive_icu_share",30,0.00239221810296689,0.00183918287263963,0.00294525333329414
15,30,"evac_decisions",30,5518.33333333333,5486.83699020411,5549.82967646256
15,30,"never_evacuated",30,1998.13333333333,1978.65003174042,2017.61663492624
15,30,"mean_evac_wait_days",30,20.2960267051821,19.850175414179,20.7418779961852
15,30,"role4_sustained",30,146.540787646965,145.178575492784,147.902999801147
15,30,"role4_peak",30,223.966666666667,221.271349397341,226.661983935993
15,30,"theatre_mean_queue",30,527.372561639514,481.880958714585,572.864164564443
15,30,"released_unrepaired",30,1461.23333333333,1448.46438591725,1474.00228074942
15,30,"role4_operations",30,1368.5,1338.31086654938,1398.68913345062
15,30,"role4_theatre_minutes",30,10668.8975029312,10306.4533252286,11031.3416806338
15,30,"hold_beds",30,30,30,30
21,30,"hold_occupancy",30,1,1,1
21,30,"hold_mean_queue",30,556.080011920468,528.496666242068,583.663357598867
21,30,"icu_occupancy",30,1,1,1
21,30,"icu_mean_queue",30,1438.30450786919,1423.91880534025,1452.69021039814
21,30,"total_rtd",30,2840.03333333333,2806.1785481627,2873.88811850397
21,30,"total_dow",30,277.6,272.102794111029,283.097205888971
21,30,"dispositions",30,5674.43333333333,5640.60992037762,5708.25674628905
21,30,"in_theatre_share",30,0.076462754980922,0.0750599690908133,0.0778655408710306
21,30,"post_definitive_icu_share",30,0.00230692755385562,0.00180544478148371,0.00280841032622752
21,30,"evac_decisions",30,5291.16666666667,5258.14489979347,5324.18843353986
21,30,"never_evacuated",30,1924.43333333333,1904.06922284089,1944.79744382578
21,30,"mean_evac_wait_days",30,18.5706009925547,18.0404438693238,19.1007581157855
21,30,"role4_sustained",30,143.14777602628,141.421206071851,144.87434598071
21,30,"role4_peak",30,215.766666666667,214.00242685167,217.530906481663
21,30,"theatre_mean_queue",30,520.596779524261,465.995506180945,575.198052867577
21,30,"released_unrepaired",30,1466.2,1452.03247303833,1480.36752696167
21,30,"role4_operations",30,1394.26666666667,1368.48067060843,1420.0526627249
21,30,"role4_theatre_minutes",30,11400.066676788,10827.2654779551,11972.8678756209
21,30,"hold_beds",30,30,30,30
30,30,"hold_occupancy",30,1,1,1
30,30,"hold_mean_queue",30,2346.35637981727,2281.69432344981,2411.01843618472
30,30,"icu_occupancy",30,1,1,1
30,30,"icu_mean_queue",30,1002.34391109663,982.732201742287,1021.95562045097
30,30,"total_rtd",30,3004.3,2973.66183600629,3034.93816399371
30,30,"total_dow",30,291.966666666667,283.950506387457,299.982826945876
30,30,"dispositions",30,4274.8,4235.14826709288,4314.45173290712
30,30,"in_theatre_share",30,0.204840258537757,0.201909399718931,0.207771117356583
30,30,"post_definitive_icu_share",30,0.0033997863714574,0.00239589129078274,0.00440368145213206
30,30,"evac_decisions",30,3504.93333333333,3462.45447712047,3547.4121895462
30,30,"never_evacuated",30,1976.53333333333,1954.58606467336,1998.48060199331
30,30,"mean_evac_wait_days",30,59.2684396517463,56.8764253075382,61.6604539959544
30,30,"role4_sustained",30,61.8353299597828,59.3360243724634,64.3346355471022
30,30,"role4_peak",30,121.7,117.644778765355,125.755221234645
30,30,"theatre_mean_queue",30,513.980485045567,472.582261859543,555.378708231591
30,30,"released_unrepaired",30,1008.8,989.747477788874,1027.85252221113
30,30,"role4_operations",30,574.9,552.873435876763,596.926564123237
30,30,"role4_theatre_minutes",30,3540.99949389419,3170.01735783782,3911.98162995056
30,30,"hold_beds",30,30,30,30
45,30,"hold_occupancy",30,1,1,1
45,30,"hold_mean_queue",30,3997.26460125503,3957.34156753225,4037.18763497782
45,30,"icu_occupancy",30,1,1,1
45,30,"icu_mean_queue",30,386.714073153287,370.762479538038,402.665666768536
45,30,"total_rtd",30,2930.56666666667,2890.24694963088,2970.88638370245
45,30,"total_dow",30,307.966666666667,298.875228250004,317.05810508333
45,30,"dispositions",30,2711.7,2684.05295975795,2739.34704024205
45,30,"in_theatre_share",30,0.518582764562541,0.512571924731914,0.524593604393167
45,30,"post_definitive_icu_share",30,0.00690206707566169,0.00515593857877944,0.00864819557254394
45,30,"evac_decisions",30,1418.33333333333,1391.45840624666,1445.20826042001
45,30,"never_evacuated",30,1123.86666666667,1100.97619238157,1146.75714095177
45,30,"mean_evac_wait_days",30,108.03916391174,104.904354643031,111.173973180449
45,30,"role4_sustained",30,12.0781246711909,11.2202223469505,12.9360269954313
45,30,"role4_peak",30,47.1666666666667,43.4415218960575,50.8918114372758
45,30,"theatre_mean_queue",30,510.726753715509,443.755744505827,577.697762925192
45,30,"released_unrepaired",30,408.366666666667,393.400358992265,423.332974341068
45,30,"role4_operations",30,118.233333333333,107.110971993318,129.355694673349
45,30,"role4_theatre_minutes",30,1393.97357364381,1212.11158090928,1575.83556637833
45,30,"hold_beds",30,30,30,30
60,30,"hold_occupancy",30,1,1,1
60,30,"hold_mean_queue",30,4341.75624892276,4294.75061958712,4388.76187825841
60,30,"icu_occupancy",30,1,1,1
60,30,"icu_mean_queue",30,228.146951516008,216.619348381715,239.6745546503
60,30,"total_rtd",30,2878.06666666667,2850.61688234083,2905.5164509925
60,30,"total_dow",30,309.833333333333,301.231240727106,318.435425939561
60,30,"dispositions",30,2310.2,2278.53647760581,2341.86352239419
60,30,"in_theatre_share",30,0.755604964416564,0.749855528145513,0.761354400687614
60,30,"post_definitive_icu_share",30,0.00737526277926752,0.0058189744669054,0.00893155109162964
60,30,"evac_decisions",30,693.466666666667,672.422818686583,714.51051464675
60,30,"never_evacuated",30,608.233333333333,588.986658224024,627.480008442642
60,30,"mean_evac_wait_days",30,110.591353633129,105.028551572129,116.15415569413
60,30,"role4_sustained",30,3.64209894666036,3.30904622100306,3.97515167231766
60,30,"role4_peak",30,21.6666666666667,18.9221191526081,24.4112141807252
60,30,"theatre_mean_queue",30,478.669210512987,426.974994054522,530.363426971453
60,30,"released_unrepaired",30,256.5,243.816789643632,269.183210356368
60,30,"role4_operations",30,51.9666666666667,46.8792969856723,57.054036347661
60,30,"role4_theatre_minutes",30,984.480688381243,826.401086254522,1142.56029050796
60,30,"hold_beds",30,30,30,30
15,45,"hold_occupancy",30,1,1,1
15,45,"hold_mean_queue",30,644.153692180162,619.198707492493,669.108676867831
15,45,"icu_occupancy",30,1,1,1
15,45,"icu_mean_queue",30,1421.34384454419,1404.76878632639,1437.91890276199
15,45,"total_rtd",30,2653.86666666667,2620.71590892903,2687.01742440431
15,45,"total_dow",30,278.566666666667,270.940751471563,286.19258186177
15,45,"dispositions",30,5677.53333333333,5648.04285013146,5707.02381653521
15,45,"in_theatre_share",30,0.0309979943954647,0.0300148128713418,0.0319811759195876
15,45,"post_definitive_icu_share",30,0.00230679671565142,0.00169803268710377,0.00291556074419908
15,45,"evac_decisions",30,5503.2,5473.38012196237,5533.01987803762
15,45,"never_evacuated",30,1975.66666666667,1953.75017712457,1997.58315620876
15,45,"mean_evac_wait_days",30,17.2597052804319,16.6752997030639,17.8441108577998
15,45,"role4_sustained",30,146.577838333833,145.067241858061,148.088434809605
15,45,"role4_peak",30,226.866666666667,224.789403044061,228.943930289272
15,45,"theatre_mean_queue",30,533.161316625211,479.157299777393,587.16533347303
15,45,"released_unrepaired",30,1435.83333333333,1419.60217122257,1452.0644954441
15,45,"role4_operations",30,1358.53333333333,1330.02030814578,1387.04635852089
15,45,"role4_theatre_minutes",30,10477.3454108823,9768.90312668319,11185.7876950815
15,45,"hold_beds",30,45,45,45
21,45,"hold_occupancy",30,0.999998794030883,0.999996327547096,1.00000126051467
21,45,"hold_mean_queue",30,549.219746396781,524.564222911214,573.875269882349
21,45,"icu_occupancy",30,1,1,1
21,45,"icu_mean_queue",30,1429.5080808943,1406.71377116505,1452.30239062355
21,45,"total_rtd",30,2857.46666666667,2819.38861699961,2895.54471633372
21,45,"total_dow",30,286.333333333333,279.768842072097,292.89782459457
21,45,"dispositions",30,5689.26666666667,5652.34443135024,5726.18890198309
21,45,"in_theatre_share",30,0.0756647818329566,0.0742468734434389,0.0770826902224744
21,45,"post_definitive_icu_share",30,0.00227277455015685,0.00168695975072877,0.00285858934958494
21,45,"evac_decisions",30,5305.5,5271.30996901717,5339.69003098283
21,45,"never_evacuated",30,1923,1897.07489615917,1948.92510384083
21,45,"mean_evac_wait_days",30,18.3941988152324,17.825186244293,18.9632113861717
21,45,"role4_sustained",30,143.766076527475,142.411569304791,145.12058375016
21,45,"role4_peak",30,221.9,219.07939620691,224.72060379309
21,45,"theatre_mean_queue",30,529.01974130929,474.722044046141,583.317438572439
21,45,"released_unrepaired",30,1464.16666666667,1444.95915158482,1483.37418174851
21,45,"role4_operations",30,1393.2,1371.29337007953,1415.10662992047
21,45,"role4_theatre_minutes",30,11889.3717229559,11250.2764931062,12528.4669528056
21,45,"hold_beds",30,45,45,45
30,45,"hold_occupancy",30,1,1,1
30,45,"hold_mean_queue",30,856.887240677715,779.619528046834,934.154953308596
30,45,"icu_occupancy",30,1,1,1
30,45,"icu_mean_queue",30,1369.29825720369,1346.97477189842,1391.62174250896
30,45,"total_rtd",30,3187.03333333333,3154.08176255015,3219.98490411651
30,45,"total_dow",30,295.166666666667,287.713957475711,302.619375857623
30,45,"dispositions",30,5350.56666666667,5311.4835436445,5389.64978968884
30,45,"in_theatre_share",30,0.181948760466369,0.17928488429292,0.184612636639819
30,45,"post_definitive_icu_share",30,0.00309640563241773,0.00208639902612247,0.00410641223871298
30,45,"evac_decisions",30,4532.66666666667,4488.53819365835,4576.79513967499
30,45,"never_evacuated",30,1920.4,1890.66097801808,1950.13902198192
30,45,"mean_evac_wait_days",30,22.5730215758607,20.9909032181117,24.1551399336096
30,45,"role4_sustained",30,113.07207508648,108.425883593192,117.718266579768
30,45,"role4_peak",30,204.9,196.687201526835,213.112798473165
30,45,"theatre_mean_queue",30,520.134876258255,480.95977751524,559.309975001269
30,45,"released_unrepaired",30,1399,1376.82947993396,1421.17052006604
30,45,"role4_operations",30,1198.96666666667,1158.39294275926,1239.54039057407
30,45,"role4_theatre_minutes",30,9021.56461057187,8355.52171903679,9687.60750210695
30,45,"hold_beds",30,45,45,45
45,45,"hold_occupancy",30,1,1,1
45,45,"hold_mean_queue",30,3454.53388308099,3404.01142667295,3505.05633948902
45,45,"icu_occupancy",30,1,1,1
45,45,"icu_mean_queue",30,596.894045872532,582.953673767425,610.834417977638
45,45,"total_rtd",30,3090.7,3057.95544665444,3123.44455334556
45,45,"total_dow",30,305.233333333333,297.031470135858,313.435196530809
45,45,"dispositions",30,3210.6,3177.33242454879,3243.86757545121
45,45,"in_theatre_share",30,0.469491863106085,0.464969776142055,0.474013950070116
45,45,"post_definitive_icu_share",30,0.00660255118355068,0.00523214290193033,0.00797295946517102
45,45,"evac_decisions",30,1876.56666666667,1845.6152218341,1907.51811149923
45,45,"never_evacuated",30,1364.56666666667,1341.81969259358,1387.31364073976
45,45,"mean_evac_wait_days",30,89.4601397919562,86.9319030158313,91.9883765680811
45,45,"role4_sustained",30,21.8632760731501,20.7583915677772,22.968160578523
45,45,"role4_peak",30,63.1333333333333,56.7935890999196,69.4730775667471
45,45,"theatre_mean_queue",30,427.579439059351,380.086586428313,475.07229169039
45,45,"released_unrepaired",30,624.233333333333,609.297189798941,639.169476867726
45,45,"role4_operations",30,244.733333333333,229.532910844256,259.933755822411
45,45,"role4_theatre_minutes",30,2243.94597631756,1985.91541735978,2501.97653527534
45,45,"hold_beds",30,45,45,45
60,45,"hold_occupancy",30,1,1,1
60,45,"hold_mean_queue",30,3953.28306746232,3914.80846954474,3991.7576653799
60,45,"icu_occupancy",30,1,1,1
60,45,"icu_mean_queue",30,375.681631435668,362.247191044666,389.11607182667
60,45,"total_rtd",30,3013.96666666667,2990.63746664204,3037.29586669129
60,45,"total_dow",30,309.6,303.329751367513,315.870248632487
60,45,"dispositions",30,2648.23333333333,2621.83960701,2674.62705965667
60,45,"in_theatre_share",30,0.710271526580977,0.706356245839262,0.714186807322691
60,45,"post_definitive_icu_share",30,0.00749035312684144,0.00581943926509534,0.00916126698858755
60,45,"evac_decisions",30,972.4,953.479360881027,991.320639118973
60,45,"never_evacuated",30,809.6,793.513888632548,825.686111367452
60,45,"mean_evac_wait_days",30,103.314831844607,100.716119503353,105.913544185862
60,45,"role4_sustained",30,7.75405430864498,7.31304816522799,8.19506045206198
60,45,"role4_peak",30,33.3333333333333,29.1829744337069,37.4836922329597
60,45,"theatre_mean_queue",30,460.827997082591,421.344153463794,500.311840701387
60,45,"released_unrepaired",30,409.6,394.734547561998,424.465452438002
60,45,"role4_operations",30,115.133333333333,107.733291990013,122.533374676654
60,45,"role4_theatre_minutes",30,1548.66609304003,1330.55027547088,1766.78191060917
60,45,"hold_beds",30,45,45,45
15,60,"hold_occupancy",30,0.999998165734172,0.99999531841467,1.00000101305367
15,60,"hold_mean_queue",30,629.872387278743,601.48259265186,658.262181905626
15,60,"icu_occupancy",30,1,1,1
15,60,"icu_mean_queue",30,1409.42730421651,1389.4056031946,1429.44900523842
15,60,"total_rtd",30,2631.96666666667,2601.96433177913,2661.96900155421
15,60,"total_dow",30,274.233333333333,267.703835446893,280.762831219773
15,60,"dispositions",30,5620.96666666667,5586.76415975248,5655.16917358086
15,60,"in_theatre_share",30,0.0315937094111798,0.0307399364091585,0.0324474824132012
15,60,"post_definitive_icu_share",30,0.00231639319722602,0.00184291747092526,0.00278986892352679
15,60,"evac_decisions",30,5442.96666666667,5410.78964956822,5475.14368376512
15,60,"never_evacuated",30,1951.96666666667,1931.41271792407,1972.52061540926
15,60,"mean_evac_wait_days",30,14.9686880751044,14.2444052816972,15.6929708685117
15,60,"role4_sustained",30,144.968465669338,143.621503963326,146.31542737535
15,60,"role4_peak",30,223.466666666667,221.115785682833,225.8175476505
15,60,"theatre_mean_queue",30,511.60769403784,461.57760601964,561.63778205604
15,60,"released_unrepaired",30,1427.46666666667,1410.89468195362,1444.03865137972
15,60,"role4_operations",30,1357.86666666667,1324.8826830493,1390.85065028403
15,60,"role4_theatre_minutes",30,10911.0919344753,10111.2703409502,11710.9135280004
15,60,"hold_beds",30,60,60,60
21,60,"hold_occupancy",30,0.99999871152351,0.999996972118254,1.00000045092877
21,60,"hold_mean_queue",30,561.46407345967,531.292639528112,591.635507391229
21,60,"icu_occupancy",30,1,1,1
21,60,"icu_mean_queue",30,1409.80149259925,1392.71874799853,1426.88423719996
21,60,"total_rtd",30,2813.56666666667,2776.0921651104,2851.04116822293
21,60,"total_dow",30,285.1,276.792903494113,293.407096505887
21,60,"dispositions",30,5622.8,5590.04674791132,5655.55325208868
21,60,"in_theatre_share",30,0.076672990879527,0.0751672096630079,0.0781787720960461
21,60,"post_definitive_icu_share",30,0.00227845846031786,0.00170129445526091,0.00285562246537481
21,60,"evac_decisions",30,5240.06666666667,5208.87471865844,5271.25861467489
21,60,"never_evacuated",30,1913.86666666667,1897.14219565753,1930.59113767581
21,60,"mean_evac_wait_days",30,16.1050710727945,15.3996749865089,16.8104671590802
21,60,"role4_sustained",30,141.34069035829,139.574869207337,143.106511509243
21,60,"role4_peak",30,216.666666666667,214.362053297946,218.971280035388
21,60,"theatre_mean_queue",30,502.546269663117,449.136452856759,555.956086469476
21,60,"released_unrepaired",30,1444.53333333333,1430.07645227151,1458.99021439516
21,60,"role4_operations",30,1377.56666666667,1354.77134048476,1400.36199284858
21,60,"role4_theatre_minutes",30,11766.1386299727,10919.2107634538,12613.0664964916
21,60,"hold_beds",30,60,60,60
30,60,"hold_occupancy",30,0.999991872081373,0.999987764000826,0.999995980161919
30,60,"hold_mean_queue",30,414.590905455263,397.050969972554,432.130840937972
30,60,"icu_occupancy",30,1,1,1
30,60,"icu_mean_queue",30,1417.69438316082,1400.60862115656,1434.78014516508
30,60,"total_rtd",30,3245.8,3208.70699007645,3282.89300992355
30,60,"total_dow",30,305.4,297.041981979664,313.758018020336
30,60,"dispositions",30,5666.76666666667,5641.05615673921,5692.47717659412
30,60,"in_theatre_share",30,0.177569371616249,0.175054948042395,0.180083795190103
30,60,"post_definitive_icu_share",30,0.00381418576131224,0.00264208669951556,0.00498628482310891
30,60,"evac_decisions",30,4824.9,4800.52643155509,4849.2735684449
30,60,"never_evacuated",30,1807.53333333333,1788.0715130664,1826.99515360027
30,60,"mean_evac_wait_days",30,15.5795373167489,15.1534869496016,16.0055876838961
30,60,"role4_sustained",30,135.723598956744,133.817386490814,137.629811422675
30,60,"role4_peak",30,212.566666666667,209.578317943699,215.555015389634
30,60,"theatre_mean_queue",30,536.707186463997,475.411972118058,598.002400809935
30,60,"released_unrepaired",30,1500.56666666667,1482.72472278876,1518.40861054457
30,60,"role4_operations",30,1453.33333333333,1422.27370444788,1484.39296221878
30,60,"role4_theatre_minutes",30,14652.7607371907,13788.4869977026,15517.0344766787
30,60,"hold_beds",30,60,60,60
45,60,"hold_occupancy",30,1,1,1
45,60,"hold_mean_queue",30,2897.07793187631,2854.18383604411,2939.97202770851
45,60,"icu_occupancy",30,1,1,1
45,60,"icu_mean_queue",30,772.624424928187,755.53487510501,789.713974751365
45,60,"total_rtd",30,3240.26666666667,3203.83919572028,3276.69413761306
45,60,"total_dow",30,302.966666666667,295.442432633667,310.490900699667
45,60,"dispositions",30,3683.96666666667,3653.64932288151,3714.28401045182
45,60,"in_theatre_share",30,0.442902702999519,0.437828465250755,0.447976940748282
45,60,"post_definitive_icu_share",30,0.00748745006814284,0.00574305464754194,0.00923184548874374
45,60,"evac_decisions",30,2274.56666666667,2243.64304023867,2305.49029309466
45,60,"never_evacuated",30,1531.33333333333,1508.08985064903,1554.57681601764
45,60,"mean_evac_wait_days",30,72.01139273064,70.4576913434039,73.5650941178762
45,60,"role4_sustained",30,33.0103300890722,31.7220096114914,34.2986505666531
45,60,"role4_peak",30,74.9666666666667,69.5541798286811,80.3791535046522
45,60,"theatre_mean_queue",30,484.37420608849,425.759670506568,542.988741670412
45,60,"released_unrepaired",30,802.166666666667,785.40677211593,818.926561217403
45,60,"role4_operations",30,378.966666666667,359.690337017725,398.242996315608
45,60,"role4_theatre_minutes",30,3079.83835372341,2782.37801644086,3377.29869100597
45,60,"hold_beds",30,60,60,60
60,60,"hold_occupancy",30,1,1,1
60,60,"hold_mean_queue",30,3653.85062189834,3610.9882893749,3696.71295442177
60,60,"icu_occupancy",30,1,1,1
60,60,"icu_mean_queue",30,487.203293433297,474.434719510915,499.971867355679
60,60,"total_rtd",30,3149.03333333333,3113.25246436015,3184.81420230651
60,60,"total_dow",30,307.8,301.553721235361,314.046278764639
60,60,"dispositions",30,2953.23333333333,2924.57231079012,2981.89435587654
60,60,"in_theatre_share",30,0.678069712642532,0.673876438265988,0.682262987019075
60,60,"post_definitive_icu_share",30,0.00873581250992568,0.00731140236988457,0.0101602226499668
60,60,"evac_decisions",30,1213.63333333333,1191.1583688246,1236.10829784207
60,60,"never_evacuated",30,967.133333333333,949.042232003608,985.224434663059
60,60,"mean_evac_wait_days",30,92.8524925110038,90.1778554088379,95.5271296131696
60,60,"role4_sustained",30,12.6627424861661,11.8724554172826,13.4530295550496
60,60,"role4_peak",30,39.5333333333333,35.2233951922414,43.8432714744252
60,60,"theatre_mean_queue",30,454.660246183278,403.821347043308,505.499145323248
60,60,"released_unrepaired",30,529.733333333333,515.738053280077,543.728613386589
60,60,"role4_operations",30,181.366666666667,167.273969998722,195.459363334611
60,60,"role4_theatre_minutes",30,1995.7695654445,1730.5875548098,2260.9515760792
60,60,"hold_beds",30,60,60,60
15,90,"hold_occupancy",30,0.999990931121466,0.999984388115935,0.999997474126998
15,90,"hold_mean_queue",30,631.867436648952,599.717693486509,664.017179811394
15,90,"icu_occupancy",30,1,1,1
15,90,"icu_mean_queue",30,1376.51011438269,1355.01848471375,1398.00174405164
15,90,"total_rtd",30,2633.46666666667,2604.31826014225,2662.61507319108
15,90,"total_dow",30,274.033333333333,266.227458224772,281.839208441894
15,90,"dispositions",30,5610.63333333333,5575.94687797394,5645.31978869273
15,90,"in_theatre_share",30,0.0318423109797342,0.0308999615712413,0.032784660388227
15,90,"post_definitive_icu_share",30,0.00243233281902618,0.00195685311498635,0.00290781252306601
15,90,"evac_decisions",30,5434.53333333333,5399.88845223318,5469.17821443349
15,90,"never_evacuated",30,1936.03333333333,1914.37411615557,1957.6925505111
15,90,"mean_evac_wait_days",30,13.533888574597,13.0110739108574,14.0567032383365
15,90,"role4_sustained",30,145.48001788389,143.822799545705,147.137236222075
15,90,"role4_peak",30,221.433333333333,219.410124216477,223.45654245019
15,90,"theatre_mean_queue",30,556.075757764548,502.084698957766,610.06681657133
15,90,"released_unrepaired",30,1408.76666666667,1390.41199804062,1427.12133529271
15,90,"role4_operations",30,1405.13333333333,1379.92534651778,1430.34132014888
15,90,"role4_theatre_minutes",30,12414.0912685905,11535.2636432537,13292.9188939274
15,90,"hold_beds",30,90,90,90
21,90,"hold_occupancy",30,0.999975626323044,0.999962895811555,0.999988356834533
21,90,"hold_mean_queue",30,531.195483187274,501.039555956624,561.351410417924
21,90,"icu_occupancy",30,1,1,1
21,90,"icu_mean_queue",30,1414.34906632765,1391.85157479589,1436.84655785942
21,90,"total_rtd",30,2857.8,2825.4624665344,2890.1375334656
21,90,"total_dow",30,287.1,280.517941809562,293.682058190439
21,90,"dispositions",30,5669.63333333333,5636.47086612452,5702.79580054215
21,90,"in_theatre_share",30,0.0754441574933845,0.0737262649796465,0.0771620500071225
21,90,"post_definitive_icu_share",30,0.00240342694518615,0.00178414721786824,0.00302270667250407
21,90,"evac_decisions",30,5290.1,5256.10916937936,5324.09083062064
21,90,"never_evacuated",30,1925.23333333333,1903.66393964756,1946.80272701911
21,90,"mean_evac_wait_days",30,13.4463571415086,12.8458436188902,14.046870664127
21,90,"role4_sustained",30,143.433231950824,142.233156905035,144.633306996613
21,90,"role4_peak",30,218.633333333333,216.508584792354,220.758081874313
21,90,"theatre_mean_queue",30,574.163496332964,524.599132962677,623.727859703252
21,90,"released_unrepaired",30,1460.3,1440.78503402788,1479.81496597212
21,90,"role4_operations",30,1401.53333333333,1374.96095248905,1428.10571417762
21,90,"role4_theatre_minutes",30,12668.8665344027,11979.9769608482,13357.7561079573
21,90,"hold_beds",30,90,90,90
30,90,"hold_occupancy",30,0.999925062299179,0.999886824273797,0.999963300324561
30,90,"hold_mean_queue",30,381.910277418159,352.178593091096,411.641961745222
30,90,"icu_occupancy",30,1,1,1
30,90,"icu_mean_queue",30,1401.45527976905,1372.1555302295,1430.75502930859
30,90,"total_rtd",30,3264.33333333333,3230.45457682996,3298.21208983671
30,90,"total_dow",30,304.666666666667,297.181609634124,312.15172369921
30,90,"dispositions",30,5693.33333333333,5656.22957512827,5730.43709153839
30,90,"in_theatre_share",30,0.178731725049829,0.176616095853944,0.180847354245713
30,90,"post_definitive_icu_share",30,0.00454651970593187,0.00319377170578062,0.00589926770608312
30,90,"evac_decisions",30,4841.83333333333,4808.21675587414,4875.44991079253
30,90,"never_evacuated",30,1809.16666666667,1780.02612102932,1838.30721230402
30,90,"mean_evac_wait_days",30,15.4367716087505,14.7296053599957,16.1439378575053
30,90,"role4_sustained",30,137.322824820842,136.065068912839,138.580580728846
30,90,"role4_peak",30,210.233333333333,207.991430550664,212.475236116003
30,90,"theatre_mean_queue",30,509.434783815857,467.049951249925,551.819616381789
30,90,"released_unrepaired",30,1506.26666666667,1483.47381893709,1529.05951439625
30,90,"role4_operations",30,1503.93333333333,1476.59200993007,1531.27465673659
30,90,"role4_theatre_minutes",30,16233.6977138984,15392.3012683945,17075.0941594023
30,90,"hold_beds",30,90,90,90
45,90,"hold_occupancy",30,1,1,1
45,90,"hold_mean_queue",30,1833.19453514603,1778.67114535898,1887.71792493308
45,90,"icu_occupancy",30,1,1,1
45,90,"icu_mean_queue",30,1078.99557057212,1059.99246976884,1097.99867137541
45,90,"total_rtd",30,3558.96666666667,3520.27003974465,3597.66329358869
45,90,"total_dow",30,306.966666666667,298.353737559946,315.579595773387
45,90,"dispositions",30,4547.1,4517.26530009728,4576.93469990272
45,90,"in_theatre_share",30,0.402238230251733,0.398759220504644,0.405717239998822
45,90,"post_definitive_icu_share",30,0.00893733089969971,0.00721147891664137,0.0106631828827581
45,90,"evac_decisions",30,3033.33333333333,3000.43099330478,3066.23567336189
45,90,"never_evacuated",30,1721.96666666667,1702.98998094493,1740.94335238841
45,90,"mean_evac_wait_days",30,41.9210333033758,40.2077813872556,43.634285219496
45,90,"role4_sustained",30,60.6561638173481,58.4918536184115,62.8204740162846
45,90,"role4_peak",30,123.933333333333,118.061983038858,129.804683627808
45,90,"theatre_mean_queue",30,489.813664643336,437.520022762274,542.107306524399
45,90,"released_unrepaired",30,1137.83333333333,1119.70072705448,1155.96593961219
45,90,"role4_operations",30,767.666666666667,729.291833724856,806.041499608478
45,90,"role4_theatre_minutes",30,6051.85828427698,5397.76828818313,6705.94828037083
45,90,"hold_beds",30,90,90,90
60,90,"hold_occupancy",30,1,1,1
60,90,"hold_mean_queue",30,3019.24357144314,2976.85445957112,3061.63268331517
60,90,"icu_occupancy",30,1,1,1
60,90,"icu_mean_queue",30,679.654410461186,661.704940362445,697.603880559926
60,90,"total_rtd",30,3414.53333333333,3379.96500440336,3449.10166226331
60,90,"total_dow",30,307.6,300.024109527599,315.175890472401
60,90,"dispositions",30,3490.96666666667,3459.19580601225,3522.73752732108
60,90,"in_theatre_share",30,0.637968568309407,0.633491301326678,0.642445835292135
60,90,"post_definitive_icu_share",30,0.00960909112108773,0.00846728761219374,0.0107508946299817
60,90,"evac_decisions",30,1624.86666666667,1595.22867887358,1654.50465445975
60,90,"never_evacuated",30,1186.7,1165.06928955964,1208.33071044036
60,90,"mean_evac_wait_days",30,71.3874445243335,69.2660081552091,73.5088808934579
60,90,"role4_sustained",30,21.8236533419194,20.7907254446248,22.8565812392139
60,90,"role4_peak",30,57.7666666666667,52.4129501703825,63.1203831629508
60,90,"theatre_mean_queue",30,425.802324579735,374.196881206633,477.407767952837
60,90,"released_unrepaired",30,728.9,712.570415834486,745.229584165514
60,90,"role4_operations",30,348.566666666667,332.228742299377,364.904591033957
60,90,"role4_theatre_minutes",30,3204.91974333595,2827.94159573451,3581.89789093738
60,90,"hold_beds",30,90,90,90
