"policy_days","hold_occupancy","hold_mean_queue","icu_occupancy","icu_mean_queue","total_rtd","total_dow","dispositions","in_theatre_share","post_definitive_icu_share","evac_decisions","never_evacuated","mean_evac_wait_days","role4_sustained","role4_peak","theatre_mean_queue","released_unrepaired","role4_operations","role4_theatre_minutes","replication","hold_beds"
60,1,3014.42358941894,1,710.68300123219,3469,304,3600,0.6325,0.00519480519480519,1711,1242,62.8658544371364,21.2773109243697,83,394.675754049609,768,374,4899.65018101679,1,90
60,1,3187.59627291008,1,655.525506253983,3574,320,3503,0.643448472737653,0.0135786246167324,1601,1201,79.1229196272455,21.2416666666667,37,539.935545132599,700,358,1283.27179774479,2,90
60,1,2904.760318535,1,654.208786204639,3270,300,3419,0.630301257677684,0.0117064385411977,1614,1182,71.0557813558971,19.595041322314,47,121.593059443341,717,325,2925.36021119002,3,90
60,1,2926.10192294722,1,674.267054430755,3230,282,3472,0.631624423963134,0.00870760769935839,1638,1175,77.2748094039137,24.6311475409836,61,327.048882205064,738,374,3429.97813100399,4,90
60,1,3092.89610823483,1,698.753302347765,3530,316,3512,0.643507972665148,0.00505282498851631,1607,1205,71.3702335911553,19.6031746031746,59,451.639986096334,774,276,4093.38538824193,5,90
60,0.999999999999999,3066.56316053672,1,660.831063646817,3432,316,3537,0.634153237206672,0.0145888594164456,1616,1163,70.3362397204586,22.0578512396694,82,329.68984575106,709,323,2505.53644225307,6,90
60,1,3059.73480109408,1,661.062300539288,3470,312,3485,0.642754662840746,0.00812641083521445,1572,1180,71.6198161124734,19.8625954198473,49,303.140813285611,699,259,2576.95676461289,7,90
60,1,2985.33365234071,1,602.919134974564,3442,311,3406,0.642395772166765,0.00675067506750675,1523,1055,63.6252381927951,19.515873015873,67,373.239573598804,659,397,3033.77732492702,8,90
60,0.999999999999999,3149.93596370685,1,708.715118155625,3455,292,3527,0.63283243549759,0.0118838028169014,1665,1217,74.617991306403,22.3858267716535,53,465.939215325909,762,365,3126.02715209589,9,90
60,1,2855.17060758994,1,689.805173761557,3412,335,3467,0.63801557542544,0.0100090991810737,1623,1134,62.5374707508485,24.4695652173913,60,614.900968727403,737,425,3967.2967364456,10,90
60,1,3003.98482365195,1,649.035375430829,3344,326,3358,0.653365098272781,0.0105795768169273,1501,1107,69.5867029409743,18.304347826087,44,405.389828705804,671,325,1965.13995892893,11,90
60,1,2994.83002420758,1,686.366267780465,3380,309,3485,0.652797704447633,0.00792540792540793,1614,1192,75.373002968169,26.032,43,217.630415795727,757,360,3012.75956000029,12,90
60,1,2891.93848543991,1,660.64386655518,3411,326,3478,0.625071880391029,0.0067842605156038,1687,1216,67.1607826806896,22.0403225806452,59,433.872308099738,734,438,4420.31950873875,13,90
60,1,2996.02610388715,1,690.125633797976,3445,303,3500,0.623142857142857,0.00629496402877698,1672,1182,66.9761564211356,22.6585365853659,53,658.234452064878,735,419,3274.16487361883,14,90
60,1,2912.39677617283,1,688.883637491365,3419,316,3510,0.646153846153846,0.010677808727948,1620,1218,71.7668023509435,20.176,44,452.771791813671,766,306,2827.51288239367,15,90
60,1,3232.83052929669,1,623.445257160572,3603,320,3464,0.663394919168591,0.00602928509905254,1535,1125,71.6449574809649,19.2844036697248,65,705.272393581097,665,353,3965.45198344083,16,90
60,1,3029.80303670597,1,779.992850609532,3437,346,3672,0.624183006535948,0.0108979947689625,1779,1307,69.0815379727976,23.656,79,440.043337690205,827,378,3916.46037254489,17,90
60,1,2773.52505067251,1,660.118444166069,3312,279,3409,0.635083602229393,0.00784494693124135,1591,1137,65.0579026091568,20.25,78,361.272544574952,705,366,4274.23354385269,18,90
60,1,2957.02394499238,1,681.037209029941,3399,280,3425,0.638248175182482,0.00961098398169336,1591,1148,68.9026599038607,19.725,42,515.189823308896,719,292,2414.11839126077,19,90
60,1,3041.48424130478,1,689.670968538314,3350,328,3401,0.639811820052926,0.00852017937219731,1576,1165,78.8807853022146,25.088,44,593.930172822034,706,358,1800.98848557718,20,90
60,0.999999999999999,3105.76040092191,1,624.278860252167,3449,307,3444,0.644599303135889,0.0090293453724605,1570,1158,80.3452650106808,21.1238938053097,55,339.074875214883,675,299,2584.67703558841,21,90
60,1,3088.72317148891,1,668.712926531084,3423,310,3604,0.640122086570477,0.00852017937219731,1651,1205,71.6057286398666,21.15625,53,448.169733790356,720,331,3001.91437530526,22,90
60,1,2898.60040432884,1,793.93365625159,3362,296,3630,0.614876033057851,0.0093167701863354,1773,1295,71.8264672432924,29.0854700854701,48,404.786750323219,813,367,3141.54566754024,23,90
60,1,2884.02010595956,1,720.183813409106,3232,252,3529,0.624822896004534,0.00879120879120879,1719,1250,77.7179580428265,27.3983739837398,48,281.214539511514,763,324,2321.19526840879,24,90
60,1,3142.72460421587,1,725.345331614937,3501,336,3572,0.638577827547592,0.00984167736414206,1707,1254,64.0387539778956,19.8166666666667,67,666.608542366266,759,382,3904.21094401725,25,90
60,1,3073.29719960353,1,590.001909824821,3456,302,3381,0.642117716651878,0.0176252319109462,1538,1108,61.4889253494341,18.2564102564103,83,539.227122116561,694,343,5902.3297946349,26,90
60,1,3032.18200182101,1,641.468928840642,3569,290,3447,0.648389904264578,0.0150709219858156,1565,1164,76.2157188546081,19.6083333333333,53,495.5018958697,670,322,2428.28396869096,27,90
60,1,2908.69762887711,1,754.361629917252,3297,284,3481,0.612754955472565,0.0140969162995595,1727,1236,73.9631340536069,25.5725806451613,50,306.820423430778,775,393,2199.48185684666,28,90
60,1,3183.48975298202,1,615.680702488522,3353,330,3343,0.662877654801077,0.00865998176845944,1449,1118,83.6985155801937,21.3245614035088,42,316.490011323897,680,289,2523.25827737867,29,90
60,1,3183.4524594494,1,729.574602598018,3410,300,3668,0.637131952017448,0.00655594405594406,1711,1262,71.8652238483669,19.5123966942149,85,270.76513137214,770,336,4428.30542177838,30,90
