"hold_occupancy","hold_mean_queue","icu_occupancy","icu_mean_queue","total_rtd","total_dow","dispositions","in_theatre_share","post_definitive_icu_share","evac_decisions","never_evacuated","mean_evac_wait_days","role4_sustained","role4_peak","theatre_mean_queue","released_unrepaired","role4_operations","role4_theatre_minutes","replication","saturation_threshold"
1,502.658057707962,1,1498.40931133449,2946,296,5737,0.0765208297019348,0.00114025085518814,5343,1929,17.3951066694243,143.708661417323,216,700.140371588626,1531,1531,11771.6097148631,1,2
1,541.140030079029,1,1523.68586758037,2867,283,5785,0.0776145203111495,0.00187195806813927,5394,1985,18.2510858683994,148.238095238095,225,550.437755519062,1525,1465,9989.85385966127,2,2
1,577.05044656196,1,1330.38457983922,2840,293,5523,0.0753213833061742,0.0055596738324685,5156,1850,18.3049704116266,141.408,222,591.815350306749,1381,1386,12269.6152593767,3,2
1,531.564973388467,1,1502.95542376763,2748,246,5689,0.0748813499736333,0.000753295668549906,5322,1968,17.9886425491331,138.640625,217,316.729533188141,1515,1538,11733.9074144263,4,2
1,580.572407921483,1,1462.49853907022,2944,279,5659,0.0759851563880544,0.000726744186046512,5278,2013,18.6365390697069,142.832061068702,209,584.446516879133,1483,1408,9285.14506321712,5,2
1,560.920510201189,1,1478.7412411166,2766,287,5647,0.0717194970780946,0.00148148148148148,5304,1925,18.6170182077275,139.653846153846,215,299.041823476366,1466,1428,9914.38914503298,6,2
1,454.222786250642,1,1491.01860031994,2926,305,5695,0.0790166812993854,0.00188893086513034,5301,1951,16.0776677413034,140.561538461538,217,527.834506113933,1503,1355,11912.5826337226,7,2
1,527.978972841223,1,1294.78473849106,2854,263,5502,0.0772446383133406,0.0052790346907994,5127,1760,18.0039462461113,149.870967741935,218,437.460030791608,1324,1498,12460.4375090389,8,2
1,578.952676884476,1,1495.37335584199,2865,280,5757,0.0743442765329164,0.0029806259314456,5398,1966,19.0123281693854,144.147286821705,219,709.192493139339,1520,1294,10336.4228372776,9,2
1,573.605832897673,1,1471.3775343253,2798,257,5822,0.0829611817244933,0.000374672161858374,5404,1963,18.5176575269575,148.527559055118,210,342.349088866145,1483,1437,11764.2198104832,10,2
1,604.667296146827,1,1430.21095486017,2969,303,5763,0.0758285615131008,0.00147167034584253,5373,1915,19.3417459233038,145.207692307692,221,638.846153510801,1471,1393,12102.7515674632,11,2
1,705.25637826877,1,1405.95080677347,2812,313,5670,0.0707231040564374,0.0021978021978022,5311,1951,20.280249119675,139.341085271318,218,716.409526016892,1428,1381,11012.1477349402,12,2
1,588.325278286568,1,1362.93061827496,2791,256,5679,0.077302341961613,0.00186011904761905,5295,1877,18.4684090655212,152.404761904762,221,539.792157597419,1431,1357,13041.5483904398,13,2
1,633.466330721849,1,1459.89600332641,2835,306,5688,0.0768284106891702,0.00148367952522255,5287,1930,19.888587511964,139.192307692308,220,729.100036945302,1472,1365,9459.96918621719,14,2
1,623.931138400819,1,1381.10595697154,2789,262,5591,0.0779824718297263,0.00111441307578009,5208,1881,20.46140238388,141.22480620155,219,533.976501842031,1417,1393,11000.6599400056,15,2
1,447.103790302116,1,1473.3675464598,2766,287,5667,0.0751720487030175,0.000773993808049536,5291,1903,16.7158220640943,145.168,212,306.09306868974,1526,1577,13961.3556738025,16,2
1,606.374889282687,1,1408.17570450175,2865,295,5653,0.0730585529807182,0.0018201674554059,5276,1917,19.1455263803183,143.915384615385,219,667.058243175716,1433,1420,10712.6880950393,17,2
1,571.640579636132,1,1408.65307454946,2747,268,5588,0.0776664280601288,0.00113079532604599,5189,1923,17.478709625694,136.153846153846,216,416.972760294003,1443,1271,10073.4555780295,18,2
1,630.862027741142,1,1412.43033861825,2869,276,5750,0.0726956521739131,0.00148698884758364,5387,1923,20.1669021604647,147.126984126984,231,711.830940945607,1419,1461,10383.2210600021,19,2
1,565.078889966137,1,1434.90535392261,2633,275,5654,0.0764060841881854,0.00666173205033309,5271,1928,18.6926049748397,140.561538461538,217,246.309298424351,1453,1312,11145.8451985444,20,2
1,540.826085357079,1,1409.86640266072,2717,268,5589,0.0690642333154411,0.00113464447806354,5247,1906,20.0851821100561,143.4296875,214,264.368952290107,1445,1422,10643.4396225681,21,2
1,605.370510615997,1,1339.45699406684,2934,260,5589,0.0780103775272857,0.00112359550561798,5203,1845,18.6725699218603,142.905511811024,209,641.418751316526,1397,1280,11620.1139250471,22,2
1,454.371408705065,1,1375.02159701364,2802,274,5578,0.0797776980996773,0.00115429011158138,5176,1808,17.1601155451791,139.59842519685,212,413.527075094055,1414,1416,12670.701676409,23,2
1,481.728495799456,1,1471.85540434228,3002,306,5711,0.0773945018385572,0.000746268656716418,5327,1934,18.5406035189387,142.410852713178,220,735.686483624789,1441,1380,11133.6994376138,24,2
1,523.181409019271,1,1414.63637951078,2782,276,5667,0.0760543497441327,0.00188253012048193,5276,1886,18.1063874758614,137.255813953488,212,517.600512071821,1457,1335,9702.33050891119,25,2
1,619.330084365918,1,1424.82959878757,2765,257,5648,0.0761331444759207,0.00112233445566779,5272,1922,19.9217090838054,141.806201550388,213,353.897746550712,1487,1411,11531.5829828364,26,2
1,469.080130890338,1,1462.18895799856,2823,267,5728,0.0759427374301676,0.00151630022744503,5343,1940,17.0217409654924,140.792307692308,215,646.702471761148,1510,1484,14112.0512855963,27,2
1,553.011395327457,1,1495.31363625464,2780,292,5708,0.0770847932725999,0.00296846011131725,5331,1971,17.6694508847092,146.056,216,315.003767590803,1499,1417,10908.9642373839,28,2
1,555.490482415291,1,1508.54076859546,2961,282,5822,0.0783236001374098,0.00181620050853614,5418,2001,18.6389234951482,150.346456692913,225,394.365447213193,1505,1451,10085.3286721862,29,2
1,607.525173404432,1,1389.23486754188,2714,270,5498,0.0732993815933067,0.00111152278621712,5130,1868,19.6455614406952,139.409090909091,210,456.078838178538,1395,1319,11705.3076757289,30,2
