"response","from","to","n_pairs","difference","ci_lower","ci_upper","p_value","reps_needed"
"theatre_mean_queue",0,1,30,-1067.24166144563,-1151.99348663509,-982.489836256165,1.57094401930849e-21,197894
"icu_occupancy",0,1,30,0,0,0,NA,NA
"post_definitive_icu_share",0,1,30,-0.00778624972708722,-0.00920839108305471,-0.00636410837111973,4.77390392906574e-12,1
"released_unrepaired",0,1,30,1463.9,1448.33160592346,1479.46839407654,1.35117535971568e-46,6678
"role4_operations",0,1,30,104.933333333333,71.5121449606945,138.354521705972,5.04655292802546e-07,30774
"role4_peak",0,1,30,-3.36666666666667,-6.57955109001215,-0.153782243321188,0.0406236008018532,12
"total_dow",0,1,30,6.53333333333333,-1.8997826183511,14.9664492850178,0.123928625582123,1960
"total_rtd",0,1,30,-8.76666666666667,-59.4293938213083,41.896060487975,0.725969488954492,708
"theatre_mean_queue",0,2,30,-1010.09981335863,-1099.66346527573,-920.53616144154,3.32702129036871e-20,221003
"icu_occupancy",0,2,30,0,0,0,NA,NA
"post_definitive_icu_share",0,2,30,-0.00766230027649495,-0.00901959370642393,-0.00630500684656597,2.2993063525905e-12,1
"released_unrepaired",0,2,30,1459.13333333333,1440.48731798889,1477.77934867778,2.76435506098635e-44,9579
"role4_operations",0,2,30,110.833333333333,75.9412860780199,145.725380588647,4.11808280326588e-07,33542
"role4_peak",0,2,30,-3.2,-7.08599818373521,0.685998183735208,0.102881291004973,17
"total_dow",0,2,30,10.3333333333333,1.10132917795355,19.5653374887131,0.0295357909941423,2349
"total_rtd",0,2,30,24.1,-30.4482735252285,78.6482735252285,0.373650639395629,820
"theatre_mean_queue",0,3,30,-991.511686581815,-1087.77361729069,-895.249755872937,3.9995034956053e-19,255296
"icu_occupancy",0,3,30,0,0,0,NA,NA
"post_definitive_icu_share",0,3,30,-0.00755477784623408,-0.00890306339208758,-0.00620649230038057,2.7500310323665e-12,1
"released_unrepaired",0,3,30,1454.36666666667,1439.59729919882,1469.13603413451,3.54686389777789e-47,6010
"role4_operations",0,3,30,94.4,59.4393263387414,129.360673661259,5.94484802357599e-06,33674
"role4_peak",0,3,30,-1.9,-5.7523848220658,1.9523848220658,0.321456879766189,17
"total_dow",0,3,30,13.5,3.76436416115468,23.2356358388453,0.00824270602637208,2612
"total_rtd",0,3,30,24.4666666666667,-36.6022534460776,85.5355867794109,0.419241000617468,1028
"theatre_mean_queue",0,5,30,-981.277456917057,-1077.00995266012,-885.54496117399,4.56635155935361e-19,252495
"icu_occupancy",0,5,30,0,0,0,NA,NA
"post_definitive_icu_share",0,5,30,-0.00735523802461613,-0.00872630133411102,-0.00598417471512125,7.7265199075136e-12,1
"released_unrepaired",0,5,30,1465,1452.54930945885,1477.45069054115,2.03477450648545e-49,4271
"role4_operations",0,5,30,92.4333333333333,68.2112735422587,116.655393124408,1.31631556913777e-08,16165
"role4_peak",0,5,30,-2.23333333333333,-5.90334487881062,1.43667821214396,0.223245369303551,15
"total_dow",0,5,30,7.46666666666667,-1.43842564309255,16.3717589764259,0.0970386457204227,2185
"total_rtd",0,5,30,25.6666666666667,-29.555868698961,80.8892020322943,0.349666076397816,841
"theatre_mean_queue",0,8,30,-999.652573934463,-1085.77831740055,-913.52683046837,1.50541642785078e-20,204362
"icu_occupancy",0,8,30,0,0,0,NA,NA
"post_definitive_icu_share",0,8,30,-0.00724317860205389,-0.00868112278365191,-0.00580523442045587,3.3445579277968e-11,1
"released_unrepaired",0,8,30,1466.2,1452.03247303833,1480.36752696167,8.39903088027053e-48,5530
"role4_operations",0,8,30,98.9333333333333,70.0250592268167,127.84160743985,1.07165048338494e-07,23024
"role4_peak",0,8,30,-4.36666666666667,-7.3867039322129,-1.34662940112043,0.00611729609355433,11
"total_dow",0,8,30,8.53333333333333,-0.0186726725774609,17.0853393392441,0.0504700163741022,2015
"total_rtd",0,8,30,33.8,-13.1035709316778,80.7035709316778,0.151295543120449,607
"theatre_mean_queue",0,12,30,-1002.6910217856,-1086.68227246065,-918.699771110559,6.91361594634544e-21,194358
"icu_occupancy",0,12,30,0,0,0,NA,NA
"post_definitive_icu_share",0,12,30,-0.00690839192445399,-0.00837581095642655,-0.00544097289248144,1.5463866340239e-10,1
"released_unrepaired",0,12,30,1460.73333333333,1446.93561170478,1474.53105496189,4.3484736516571e-48,5246
"role4_operations",0,12,30,105.033333333333,76.934636685706,133.132029980961,1.9824909817884e-08,21753
"role4_peak",0,12,30,-2.1,-6.04975108028536,1.84975108028536,0.285813026103639,18
"total_dow",0,12,30,15.3,5.72902552887508,24.8709744711249,0.00277703416353058,2524
"total_rtd",0,12,30,39.5666666666667,-7.79709069227909,86.9304240256124,0.0982198451792693,619
"theatre_mean_queue",0,16,30,-971.12470478084,-1065.10608679493,-877.143322766746,3.66508951850045e-19,243342
"icu_occupancy",0,16,30,0,0,0,NA,NA
"post_definitive_icu_share",0,16,30,-0.00655822100823019,-0.00796887881423912,-0.00514756320222127,2.04521974959367e-10,1
"released_unrepaired",0,16,30,1474.9,1462.83673166951,1486.96326833049,6.69565115066901e-50,4010
"role4_operations",0,16,30,86.3,54.7394834052137,117.860516594786,4.89670360217761e-06,27443
"role4_peak",0,16,30,-1.6,-6.34721820729479,3.14721820729479,0.496098893430809,25
"total_dow",0,16,30,17.3333333333333,8.11748804278659,26.5491786238801,0.000605612853372693,2340
"total_rtd",0,16,30,49.5,-2.65888696618948,101.658886966189,0.0620371367201145,750
"theatre_mean_queue",0,24,30,-964.728274316071,-1056.84252431492,-872.614024317222,2.53779576490082e-19,233770
"icu_occupancy",0,24,30,0,0,0,NA,NA
"post_definitive_icu_share",0,24,30,-0.00609949607843163,-0.00755017436356572,-0.00464881779329754,1.80002146594011e-09,1
"released_unrepaired",0,24,30,1464.16666666667,1447.78336771457,1480.54996561876,5.89488515128715e-46,7395
"role4_operations",0,24,30,77.2666666666667,48.5838024703102,105.949530863023,6.16264373676134e-06,22667
"role4_peak",0,24,30,-1.63333333333333,-6.04334690188672,2.77668023522005,0.454867632760783,22
"total_dow",0,24,30,10.4666666666667,0.945260431772605,19.9880729015607,0.0323289098729702,2498
"total_rtd",0,24,30,44.0333333333333,-5.7525779793747,93.8192446460414,0.0808439569528393,683
