"field","value"
"screen","sobol"
"run_at","2026-10-01T17:56:08+0000"
"commit","b6093a8004e4057426ac88a530cc36091e1ce74d"
"r_version","4.3.3"
"n_sobol","800"
"n_params","8"
"n_design_points","8000"
"n_rep","8"
"n_days","30"
"estimator","sobol2007"
"nboot","1000"
"crn_seed","none"
"dirichlet_groups","casualty_surge"
"parameters","pri1_surg_prob|casualty_surge_rate|casualty_surge_max_cas|pri1_evac_prob|pri1_dcs_rate|casualty_surge_kia_fraction|mc_p1_balance|mc_p2_p3_balance"
"cache_dir","outputs/cache/sobol_n800"
"responses_told","r2e_ot_q|system_ot_q|transport_util"
