"gate_enabled","icu_occupancy","total_dow","total_casualties","icu_pathway_n","icu_pathway_dow","hold_pathway_n","hold_pathway_dow","replication"
0,1,242,11497,4127,19,0,0,1
0,1,303,12960,4008,17,0,0,2
0,1,253,12458,4113,13,0,0,3
0,1,235,12179,4105,11,0,0,4
0,1,288,12385,4161,15,0,0,5
0,1,295,12821,4287,18,0,0,6
0,1,273,13263,4159,10,0,0,7
0,1,318,12830,4248,14,0,0,8
0,1,245,12837,4119,11,0,0,9
0,1,279,12778,4185,16,0,0,10
0,1,280,12198,4046,14,0,0,11
0,1,256,12563,4153,14,0,0,12
0,1,238,12218,4140,18,0,0,13
0,1,231,12408,4254,19,0,0,14
0,1,248,12146,4074,14,0,0,15
0,1,272,12499,3946,17,0,0,16
0,1,261,12585,4195,22,0,0,17
0,1,256,12047,3994,16,0,0,18
0,1,233,12041,4077,16,0,0,19
0,1,308,13139,4244,17,0,0,20
0,1,230,12292,4006,14,0,0,21
0,1,286,12667,4256,20,0,0,22
0,1,266,12142,4102,18,0,0,23
0,1,276,12769,4150,12,0,0,24
0,1,233,12261,4183,14,0,0,25
0,1,274,12568,4031,18,0,0,26
0,1,268,12072,4143,15,0,0,27
0,1,245,12216,4079,19,0,0,28
0,1,267,12286,4104,19,0,0,29
0,1,259,12299,4108,13,0,0,30
1,1,295,12426,14,0,2203,24,1
1,1,276,12364,18,0,2205,28,2
1,1,280,13110,12,0,2241,26,3
1,1,293,12705,13,0,2217,30,4
1,1,296,12668,24,0,2158,27,5
1,1,285,12103,15,0,2169,32,6
1,1,267,12195,15,0,2121,30,7
1,1,260,12198,29,0,2245,24,8
1,1,262,11742,32,0,2201,24,9
1,1,257,12269,18,1,2250,28,10
1,1,321,13145,13,0,2200,24,11
1,1,262,12140,39,0,2167,32,12
1,1,259,12510,38,0,2166,23,13
1,1,257,12223,19,0,2235,40,14
1,1,276,12003,24,1,2244,28,15
1,1,277,12583,24,2,2205,22,16
1,1,279,12267,14,0,2184,39,17
1,1,268,12483,6,0,2221,23,18
1,1,290,12565,16,0,2219,21,19
1,1,280,12401,27,1,2231,34,20
1,1,266,12389,21,0,2103,27,21
1,1,273,12172,7,0,2240,22,22
1,1,286,12553,26,0,2230,34,23
1,1,306,12862,7,0,2143,30,24
1,1,276,12396,11,0,2160,38,25
1,1,279,12154,25,0,2165,32,26
1,1,276,12788,11,0,2147,27,27
1,1,279,12583,22,0,2212,33,28
1,1,277,12309,14,0,2132,25,29
1,1,270,11979,11,0,2172,27,30
