"gate_enabled","response","n_reps","mean","ci_lower","ci_upper"
0,"icu_occupancy",30,1,1,1
0,"total_dow",30,263.933333333333,254.966794571284,272.899872095383
0,"total_casualties",30,12447.4666666667,12307.7305219897,12587.2028113436
0,"icu_pathway_n",30,4126.56666666667,4095.05485597427,4158.07847735906
0,"icu_pathway_dow",30,15.7666666666667,14.6673158707153,16.8660174626181
0,"hold_pathway_n",30,0,0,0
0,"hold_pathway_dow",30,0,0,0
1,"icu_occupancy",30,1,1,1
1,"total_dow",30,277.6,272.102794111029,283.097205888971
1,"total_casualties",30,12409.5,12291.0653538759,12527.9346461241
1,"icu_pathway_n",30,18.8333333333333,15.6150661049522,22.0516005617144
1,"icu_pathway_dow",30,0.166666666666667,-0.00552323935196203,0.338856572685295
1,"hold_pathway_n",30,2192.86666666667,2177.71255886697,2208.02077446637
1,"hold_pathway_dow",30,28.4666666666667,26.5457336858193,30.387599647514
