"failure_probability","scenario","series","subject","response","n_reps","mean","ci_lower","ci_upper"
0,"default","census","Battle injury","mean",30,88.4369444444444,85.8691548322199,91.004734056669
0,"default","census","Battle injury","peak",30,148,140.715692043375,155.284307956625
0,"default","census","Battle injury","closing_mean",30,95.8388888888889,90.1546175355964,101.523160242181
0,"default","census","Battle injury","total",30,31837.3,30912.8957395992,32761.7042604008
0,"default","census","Disease and non-battle injury","mean",30,20.3471296296296,19.9432938538215,20.7509654054378
0,"default","census","Disease and non-battle injury","peak",30,42.2666666666667,40.3502442969477,44.1830890363857
0,"default","census","Disease and non-battle injury","closing_mean",30,20.3548148148148,19.6163181917433,21.0933114378863
0,"default","census","Disease and non-battle injury","total",30,7324.96666666667,7179.58578737574,7470.34754595759
0,"default","census","Reconstruction cohort","mean",30,19.080462962963,18.4274572751783,19.7334686507476
0,"default","census","Reconstruction cohort","peak",30,35,33.2132388874032,36.7867611125968
0,"default","census","Reconstruction cohort","closing_mean",30,20.7007407407407,19.6386507996652,21.7628306818163
0,"default","census","Reconstruction cohort","total",30,6868.96666666667,6633.88461906419,7104.04871426914
0,"default","census","Total","mean",30,127.864537037037,124.859211258404,130.86986281567
0,"default","census","Total","peak",30,202.633333333333,193.58536451843,211.681302148237
0,"default","census","Total","closing_mean",30,136.894444444444,130.586170863462,143.202718025427
0,"default","census","Total","total",30,46031.2333333333,44949.3160530254,47113.1506136412
0,"default","census","hold","mean",30,99.007037037037,96.873590423588,101.140483650486
0,"default","census","hold","peak",30,158.366666666667,151.817464294372,164.915869038961
0,"default","census","hold","closing_mean",30,106.182222222222,101.901488933992,110.462955510452
0,"default","census","hold","total",30,35642.5333333333,34874.4925524917,36410.574114175
0,"default","census","icu","mean",30,28.8575,27.9544324977382,29.7605675022618
0,"default","census","icu","peak",30,64.3,61.2980600205519,67.3019399794481
0,"default","census","icu","closing_mean",30,30.7122222222222,28.5909111595389,32.8335332849055
0,"default","census","icu","total",30,10388.7,10063.5956991857,10713.8043008143
0,"default","operations","Debridement","mean",30,1.86583333333333,1.79010719927189,1.94155946739478
0,"default","operations","Debridement","peak",30,7.63333333333333,7.21174595736339,8.05492070930328
0,"default","operations","Debridement","closing_mean",30,1.95,1.81196504546777,2.08803495453223
0,"default","operations","Debridement","total",30,671.7,644.438591737879,698.961408262121
0,"default","operations","Definitive repair","mean",30,0.404074074074074,0.348085192055087,0.460062956093061
0,"default","operations","Definitive repair","peak",30,5.76666666666667,5.06854673924292,6.46478659409041
0,"default","operations","Definitive repair","closing_mean",30,0.501111111111111,0.340539651790805,0.661682570431417
0,"default","operations","Definitive repair","total",30,145.466666666667,125.310669139831,165.622664193502
0,"default","operations","Reconstruction","mean",30,0.850277777777778,0.825880253885694,0.874675301669862
0,"default","operations","Reconstruction","peak",30,4.8,4.5157914800306,5.08420851996939
0,"default","operations","Reconstruction","closing_mean",30,0.909259259259259,0.866974930400235,0.951543588118283
0,"default","operations","Reconstruction","total",30,306.1,297.31689139885,314.88310860115
0,"default","operations","Total","mean",30,3.12018518518519,2.98023223691433,3.26013813345604
0,"default","operations","Total","peak",30,11.3,10.6709540511735,11.9290459488265
0,"default","operations","Total","closing_mean",30,3.36037037037037,3.04582676279191,3.67491397794883
0,"default","operations","Total","total",30,1123.26666666667,1072.88360528916,1173.64972804418
0,"default","operations_admitted","Total","mean",30,1141.06666666667,1088.35557804327,1193.77775529006
0,"default","operations_admitted","Total","peak",30,1141.06666666667,1088.35557804327,1193.77775529006
0,"default","operations_admitted","Total","closing_mean",30,1141.06666666667,1088.35557804327,1193.77775529006
0,"default","operations_admitted","Total","total",30,1141.06666666667,1088.35557804327,1193.77775529006
0,"default","operations_after_horizon","Total","mean",30,17.8,13.2399934516432,22.3600065483568
0,"default","operations_after_horizon","Total","peak",30,17.8,13.2399934516432,22.3600065483568
0,"default","operations_after_horizon","Total","closing_mean",30,17.8,13.2399934516432,22.3600065483568
0,"default","operations_after_horizon","Total","total",30,17.8,13.2399934516432,22.3600065483568
0,"default","theatre_minutes","Total","mean",30,46.6482848974318,40.2614336858848,53.0351361089787
0,"default","theatre_minutes","Total","peak",30,745.015758446771,663.296301341999,826.735215551543
0,"default","theatre_minutes","Total","closing_mean",30,57.6964286786002,39.1860351308663,76.2068222263341
0,"default","theatre_minutes","Total","total",30,16793.3825630754,14494.1161269185,19092.6489992323
0.05,"default","census","Battle injury","mean",30,88.3067592592593,85.7211595707118,90.8923589478067
0.05,"default","census","Battle injury","peak",30,147.566666666667,140.770177404026,154.363155929307
0.05,"default","census","Battle injury","closing_mean",30,95.7655555555556,89.6239421496248,101.907168961486
0.05,"default","census","Battle injury","total",30,31790.4333333333,30859.6174454562,32721.2492212104
0.05,"default","census","Disease and non-battle injury","mean",30,20.2205555555556,19.8059488019204,20.6351623091908
0.05,"default","census","Disease and non-battle injury","peak",30,41.6666666666667,39.7292846232941,43.6040487100393
0.05,"default","census","Disease and non-battle injury","closing_mean",30,20.3407407407407,19.5978250343327,21.0836564471488
0.05,"default","census","Disease and non-battle injury","total",30,7279.4,7130.14156869133,7428.65843130867
0.05,"default","census","Reconstruction cohort","mean",30,18.8512037037037,18.1346201361303,19.5677872712772
0.05,"default","census","Reconstruction cohort","peak",30,35.1666666666667,33.4013370858903,36.931996247443
0.05,"default","census","Reconstruction cohort","closing_mean",30,20.0588888888889,18.7952695369223,21.3225082408555
0.05,"default","census","Reconstruction cohort","total",30,6786.43333333333,6528.46324900689,7044.40341765978
0.05,"default","census","Total","mean",30,127.378518518519,124.148340325399,130.608696711638
0.05,"default","census","Total","peak",30,202.266666666667,193.995774751279,210.537558582055
0.05,"default","census","Total","closing_mean",30,136.165185185185,129.009565816574,143.320804553797
0.05,"default","census","Total","total",30,45856.2666666667,44693.4025171438,47019.1308161896
0.05,"default","census","hold","mean",30,98.6118518518519,96.3090213097426,100.914682393961
0.05,"default","census","hold","peak",30,158.9,152.282972079884,165.517027920116
0.05,"default","census","hold","closing_mean",30,105.593703703704,100.593794637574,110.593612769833
0.05,"default","census","hold","total",30,35500.2666666667,34671.2476715074,36329.285661826
0.05,"default","census","icu","mean",30,28.7666666666667,27.8017505917073,29.731582741626
0.05,"default","census","icu","peak",30,64.4,61.1173637653544,67.6826362346456
0.05,"default","census","icu","closing_mean",30,30.5714814814815,28.3064492093723,32.8365137535907
0.05,"default","census","icu","total",30,10356,10008.6302130146,10703.3697869854
0.05,"default","operations","Debridement","mean",30,1.84175925925926,1.76181245243175,1.92170606608676
0.05,"default","operations","Debridement","peak",30,7.86666666666667,7.38894293129054,8.3443904020428
0.05,"default","operations","Debridement","closing_mean",30,1.93851851851852,1.78178428259247,2.09525275444456
0.05,"default","operations","Debridement","total",30,663.033333333333,634.252482875432,691.814183791235
0.05,"default","operations","Definitive repair","mean",30,0.40462962962963,0.340521672392268,0.468737586866992
0.05,"default","operations","Definitive repair","peak",30,6.16666666666667,5.31131990452414,7.02201342880919
0.05,"default","operations","Definitive repair","closing_mean",30,0.502222222222222,0.327118537574397,0.677325906870048
0.05,"default","operations","Definitive repair","total",30,145.666666666667,122.587802061216,168.745531272117
0.05,"default","operations","Reconstruction","mean",30,0.835,0.806478553972703,0.863521446027297
0.05,"default","operations","Reconstruction","peak",30,4.8,4.55192246554074,5.04807753445926
0.05,"default","operations","Reconstruction","closing_mean",30,0.882592592592593,0.833083876199637,0.932101308985548
0.05,"default","operations","Reconstruction","total",30,300.6,290.332279430173,310.867720569827
0.05,"default","operations","Total","mean",30,3.08138888888889,2.92642224667894,3.23635553109884
0.05,"default","operations","Total","peak",30,11.7333333333333,10.9616134722503,12.5050531944164
0.05,"default","operations","Total","closing_mean",30,3.32333333333333,2.96780236206053,3.67886430460614
0.05,"default","operations","Total","total",30,1109.3,1053.51200880442,1165.08799119558
0.05,"default","operations_admitted","Total","mean",30,1127.76666666667,1069.92343451601,1185.60989881732
0.05,"default","operations_admitted","Total","peak",30,1127.76666666667,1069.92343451601,1185.60989881732
0.05,"default","operations_admitted","Total","closing_mean",30,1127.76666666667,1069.92343451601,1185.60989881732
0.05,"default","operations_admitted","Total","total",30,1127.76666666667,1069.92343451601,1185.60989881732
0.05,"default","operations_after_horizon","Total","mean",30,18.4666666666667,14.0958032139455,22.8375301193878
0.05,"default","operations_after_horizon","Total","peak",30,18.4666666666667,14.0958032139455,22.8375301193878
0.05,"default","operations_after_horizon","Total","closing_mean",30,18.4666666666667,14.0958032139455,22.8375301193878
0.05,"default","operations_after_horizon","Total","total",30,18.4666666666667,14.0958032139455,22.8375301193878
0.05,"default","theatre_minutes","Total","mean",30,46.4193846474657,39.1915797954193,53.6471894995121
0.05,"default","theatre_minutes","Total","peak",30,783.820059766204,685.122488593115,882.517630939293
0.05,"default","theatre_minutes","Total","closing_mean",30,57.4168815519285,37.4115137171412,77.4222493867159
0.05,"default","theatre_minutes","Total","total",30,16710.9784730877,14108.968726351,19312.9882198244
0.1,"default","census","Battle injury","mean",30,85.4785185185185,83.3491337502984,87.6079032867386
0.1,"default","census","Battle injury","peak",30,136.9,130.571173357568,143.228826642432
0.1,"default","census","Battle injury","closing_mean",30,89.4474074074074,84.4751612965731,94.4196535182417
0.1,"default","census","Battle injury","total",30,30772.2666666667,30005.6881501074,31538.8451832259
0.1,"default","census","Disease and non-battle injury","mean",30,20.1690740740741,19.6925918513593,20.6455562967889
0.1,"default","census","Disease and non-battle injury","peak",30,41.5333333333333,39.9559994167452,43.1106672499214
0.1,"default","census","Disease and non-battle injury","closing_mean",30,20.4859259259259,19.4862466848352,21.4856051670167
0.1,"default","census","Disease and non-battle injury","total",30,7260.86666666667,7089.33306648934,7432.40026684399
0.1,"default","census","Reconstruction cohort","mean",30,18.4282407407407,17.8745328238581,18.9819486576233
0.1,"default","census","Reconstruction cohort","peak",30,33.7333333333333,32.1192399021126,35.3474267645541
0.1,"default","census","Reconstruction cohort","closing_mean",30,19.1814814814815,17.9586415837826,20.4043213791803
0.1,"default","census","Reconstruction cohort","total",30,6634.16666666667,6434.83181658893,6833.5015167444
0.1,"default","census","Total","mean",30,124.075833333333,121.503520990311,126.648145676356
0.1,"default","census","Total","peak",30,189.866666666667,182.380068159729,197.353265173605
0.1,"default","census","Total","closing_mean",30,129.114814814815,123.227209829739,135.00241979989
0.1,"default","census","Total","total",30,44667.3,43741.2675565119,45593.3324434881
0.1,"default","census","hold","mean",30,96.1542592592593,94.2703013077671,98.0382172107514
0.1,"default","census","hold","peak",30,149.566666666667,143.659598467314,155.473734866019
0.1,"default","census","hold","closing_mean",30,100.612592592593,96.5689234767958,104.656261708389
0.1,"default","census","hold","total",30,34615.5333333333,33937.3084707962,35293.7581958705
0.1,"default","census","icu","mean",30,27.9215740740741,27.1514922716992,28.691655876449
0.1,"default","census","icu","peak",30,61.6333333333333,58.9577102145314,64.3089564521353
0.1,"default","census","icu","closing_mean",30,28.5022222222222,26.5069939249461,30.4974505194984
0.1,"default","census","icu","total",30,10051.7666666667,9774.5372178117,10328.9961155216
0.1,"default","operations","Debridement","mean",30,1.78851851851852,1.71993580122798,1.85710123580906
0.1,"default","operations","Debridement","peak",30,8.36666666666667,7.60403416690469,9.12929916642864
0.1,"default","operations","Debridement","closing_mean",30,1.79407407407407,1.62292585911637,1.96522228903177
0.1,"default","operations","Debridement","total",30,643.866666666667,619.176888442073,668.55644489126
0.1,"default","operations","Definitive repair","mean",30,0.344166666666667,0.28593496736039,0.402398365972944
0.1,"default","operations","Definitive repair","peak",30,6.23333333333333,5.31509382324755,7.15157284341912
0.1,"default","operations","Definitive repair","closing_mean",30,0.332962962962963,0.186305598624133,0.479620327301793
0.1,"default","operations","Definitive repair","total",30,123.9,102.93658824974,144.86341175026
0.1,"default","operations","Reconstruction","mean",30,0.813611111111111,0.78981712636406,0.837405095858162
0.1,"default","operations","Reconstruction","peak",30,4.76666666666667,4.40392837498837,5.12940495834496
0.1,"default","operations","Reconstruction","closing_mean",30,0.844074074074074,0.79472387180203,0.893424276346118
0.1,"default","operations","Reconstruction","total",30,292.9,284.334165491062,301.465834508938
0.1,"default","operations","Total","mean",30,2.9462962962963,2.81533352768165,3.07725906491095
0.1,"default","operations","Total","peak",30,12.1666666666667,11.1905589316878,13.1427744016455
0.1,"default","operations","Total","closing_mean",30,2.97111111111111,2.62759488264645,3.31462733957577
0.1,"default","operations","Total","total",30,1060.66666666667,1013.52006996539,1107.81326336794
0.1,"default","operations_admitted","Total","mean",30,1079.33333333333,1029.85209272817,1128.8145739385
0.1,"default","operations_admitted","Total","peak",30,1079.33333333333,1029.85209272817,1128.8145739385
0.1,"default","operations_admitted","Total","closing_mean",30,1079.33333333333,1029.85209272817,1128.8145739385
0.1,"default","operations_admitted","Total","total",30,1079.33333333333,1029.85209272817,1128.8145739385
0.1,"default","operations_after_horizon","Total","mean",30,18.6666666666667,14.8380893377997,22.4952439955336
0.1,"default","operations_after_horizon","Total","peak",30,18.6666666666667,14.8380893377997,22.4952439955336
0.1,"default","operations_after_horizon","Total","closing_mean",30,18.6666666666667,14.8380893377997,22.4952439955336
0.1,"default","operations_after_horizon","Total","total",30,18.6666666666667,14.8380893377997,22.4952439955336
0.1,"default","theatre_minutes","Total","mean",30,39.9114558838814,33.2462981232595,46.5766136445034
0.1,"default","theatre_minutes","Total","peak",30,795.476487759262,683.886495631563,907.066479886961
0.1,"default","theatre_minutes","Total","closing_mean",30,38.1496281344456,21.2852701268972,55.0139861419941
0.1,"default","theatre_minutes","Total","total",30,14368.1241181973,11968.6673243734,16767.5809120212
0.15,"default","census","Battle injury","mean",30,87.0660185185185,85.1343509469177,88.9976860901194
0.15,"default","census","Battle injury","peak",30,139.166666666667,135.559553877384,142.773779455949
0.15,"default","census","Battle injury","closing_mean",30,92.0392592592593,88.0933970557424,95.9851214627761
0.15,"default","census","Battle injury","total",30,31343.7666666667,30648.3663408904,32039.166992443
0.15,"default","census","Disease and non-battle injury","mean",30,20.1589814814815,19.7137086955684,20.6042542673945
0.15,"default","census","Disease and non-battle injury","peak",30,43.3,40.9605658778747,45.6394341221253
0.15,"default","census","Disease and non-battle injury","closing_mean",30,20.97,19.923368724561,22.016631275439
0.15,"default","census","Disease and non-battle injury","total",30,7257.23333333333,7096.93513040463,7417.53153626204
0.15,"default","census","Reconstruction cohort","mean",30,18.6288888888889,18.0445375529774,19.2132402248004
0.15,"default","census","Reconstruction cohort","peak",30,34.2666666666667,32.6525732354459,35.8807600978874
0.15,"default","census","Reconstruction cohort","closing_mean",30,19.5518518518519,18.5796411649625,20.5240625387412
0.15,"default","census","Reconstruction cohort","total",30,6706.4,6496.03351907187,6916.76648092813
0.15,"default","census","Total","mean",30,125.853888888889,123.423647325293,128.284130452484
0.15,"default","census","Total","peak",30,191.7,187.058738911927,196.341261088073
0.15,"default","census","Total","closing_mean",30,132.561111111111,128.085542486062,137.03667973616
0.15,"default","census","Total","total",30,45307.4,44432.5130371056,46182.2869628944
0.15,"default","census","hold","mean",30,97.5090740740741,95.6577282510296,99.3604198971186
0.15,"default","census","hold","peak",30,153.366666666667,148.455292066136,158.278041267197
0.15,"default","census","hold","closing_mean",30,103.675555555556,100.237909299448,107.113201811663
0.15,"default","census","hold","total",30,35103.2666666667,34436.7821703707,35769.7511629627
0.15,"default","census","icu","mean",30,28.3448148148148,27.6712401423583,29.0183894872713
0.15,"default","census","icu","peak",30,60.3333333333333,58.1931403443872,62.4735263222795
0.15,"default","census","icu","closing_mean",30,28.8855555555556,27.6135653311838,30.1575457799273
0.15,"default","census","icu","total",30,10204.1333333333,9961.646451249,10446.6202154177
0.15,"default","operations","Debridement","mean",30,1.80240740740741,1.73716062886644,1.86765418594837
0.15,"default","operations","Debridement","peak",30,9.1,8.26590269550606,9.93409730449394
0.15,"default","operations","Debridement","closing_mean",30,1.80074074074074,1.68209300824618,1.9193884732353
0.15,"default","operations","Debridement","total",30,648.866666666667,625.37782639192,672.355506941413
0.15,"default","operations","Definitive repair","mean",30,0.355185185185185,0.308916364505183,0.401454005865187
0.15,"default","operations","Definitive repair","peak",30,7.1,6.07926758240928,8.12073241759072
0.15,"default","operations","Definitive repair","closing_mean",30,0.34962962962963,0.252378404568597,0.446880854690662
0.15,"default","operations","Definitive repair","total",30,127.866666666667,111.209891221866,144.523442111467
0.15,"default","operations","Reconstruction","mean",30,0.828796296296296,0.804460993479311,0.853131599113282
0.15,"default","operations","Reconstruction","peak",30,4.9,4.4686419227728,5.3313580772272
0.15,"default","operations","Reconstruction","closing_mean",30,0.87037037037037,0.829670415732142,0.911070325008599
0.15,"default","operations","Reconstruction","total",30,298.366666666667,289.605957652552,307.127375680782
0.15,"default","operations","Total","mean",30,2.98638888888889,2.8716342931224,3.10114348465538
0.15,"default","operations","Total","peak",30,12.4333333333333,11.6325664566304,13.2341002100363
0.15,"default","operations","Total","closing_mean",30,3.02074074074074,2.82871131462664,3.21277016685484
0.15,"default","operations","Total","total",30,1075.1,1033.78834552406,1116.41165447594
0.15,"default","operations_admitted","Total","mean",30,1092,1050.20128194016,1133.79871805984
0.15,"default","operations_admitted","Total","peak",30,1092,1050.20128194016,1133.79871805984
0.15,"default","operations_admitted","Total","closing_mean",30,1092,1050.20128194016,1133.79871805984
0.15,"default","operations_admitted","Total","total",30,1092,1050.20128194016,1133.79871805984
0.15,"default","operations_after_horizon","Total","mean",30,16.9,13.8000387980662,19.9999612019338
0.15,"default","operations_after_horizon","Total","peak",30,16.9,13.8000387980662,19.9999612019338
0.15,"default","operations_after_horizon","Total","closing_mean",30,16.9,13.8000387980662,19.9999612019338
0.15,"default","operations_after_horizon","Total","total",30,16.9,13.8000387980662,19.9999612019338
0.15,"default","theatre_minutes","Total","mean",30,40.9798415370735,35.634435859826,46.3252472143209
0.15,"default","theatre_minutes","Total","peak",30,870.416567142577,744.436055335455,996.397078949699
0.15,"default","theatre_minutes","Total","closing_mean",30,40.4385504334211,29.2156299075838,51.6614709592583
0.15,"default","theatre_minutes","Total","total",30,14752.7429533464,12828.3969095374,16677.0889971555
0.25,"default","census","Battle injury","mean",30,79.4417592592593,76.4201378125422,82.4633807059763
0.25,"default","census","Battle injury","peak",30,136.2,129.751475126964,142.648524873036
0.25,"default","census","Battle injury","closing_mean",30,81.6455555555556,76.1781281916092,87.1129829195019
0.25,"default","census","Battle injury","total",30,28599.0333333333,27511.2496125152,29686.8170541515
0.25,"default","census","Disease and non-battle injury","mean",30,19.3566666666667,18.9425183014491,19.7708150318842
0.25,"default","census","Disease and non-battle injury","peak",30,46.7666666666667,44.076348775651,49.4569845576823
0.25,"default","census","Disease and non-battle injury","closing_mean",30,19.4137037037037,18.5078895297577,20.3195178776497
0.25,"default","census","Disease and non-battle injury","total",30,6968.4,6819.30658852168,7117.49341147832
0.25,"default","census","Reconstruction cohort","mean",30,17.1505555555556,16.5291011142699,17.7720099968412
0.25,"default","census","Reconstruction cohort","peak",30,33.4333333333333,32.0756776983093,34.7909889683574
0.25,"default","census","Reconstruction cohort","closing_mean",30,18.0385185185185,16.8766476904197,19.2003893466173
0.25,"default","census","Reconstruction cohort","total",30,6174.2,5950.47640113716,6397.92359886284
0.25,"default","census","Total","mean",30,115.948981481481,112.229315100004,119.668647862959
0.25,"default","census","Total","peak",30,188.533333333333,182.121946753053,194.944719913613
0.25,"default","census","Total","closing_mean",30,119.097777777778,112.425781538477,125.769774017078
0.25,"default","census","Total","total",30,41741.6333333333,40402.5534360014,43080.7132306653
0.25,"default","census","hold","mean",30,89.8099074074074,86.9277450911698,92.692069723645
0.25,"default","census","hold","peak",30,145.166666666667,139.136032319907,151.197301013426
0.25,"default","census","hold","closing_mean",30,92.8866666666667,87.7261233448264,98.0472099885069
0.25,"default","census","hold","total",30,32331.5666666667,31293.9882328211,33369.1451005122
0.25,"default","census","icu","mean",30,26.1390740740741,25.2496705861657,27.0284775619825
0.25,"default","census","icu","peak",30,58.5333333333333,55.913549607398,61.1531170592686
0.25,"default","census","icu","closing_mean",30,26.2111111111111,24.5230458170835,27.8991764051388
0.25,"default","census","icu","total",30,9410.06666666667,9089.88141101965,9730.25192231369
0.25,"default","operations","Debridement","mean",30,1.66361111111111,1.59899992068224,1.72822230153998
0.25,"default","operations","Debridement","peak",30,10.2,9.41919591118007,10.9808040888199
0.25,"default","operations","Debridement","closing_mean",30,1.68814814814815,1.55622502075723,1.82007127553907
0.25,"default","operations","Debridement","total",30,598.9,575.639971445606,622.160028554394
0.25,"default","operations","Definitive repair","mean",30,0.270925925925926,0.225463537592323,0.316388314259529
0.25,"default","operations","Definitive repair","peak",30,7.06666666666667,6.24661811757382,7.88671521575952
0.25,"default","operations","Definitive repair","closing_mean",30,0.246296296296296,0.167687927553431,0.324904665039162
0.25,"default","operations","Definitive repair","total",30,97.5333333333333,81.1668735332363,113.89979313343
0.25,"default","operations","Reconstruction","mean",30,0.7625,0.733833047858087,0.791166952141913
0.25,"default","operations","Reconstruction","peak",30,5.1,4.81663860119946,5.38336139880054
0.25,"default","operations","Reconstruction","closing_mean",30,0.788888888888889,0.732630795055284,0.845146982722493
0.25,"default","operations","Reconstruction","total",30,274.5,264.179897228911,284.820102771089
0.25,"default","operations","Total","mean",30,2.69703703703704,2.57203121212684,2.82204286194723
0.25,"default","operations","Total","peak",30,12.6666666666667,11.9113191186106,13.4220142147227
0.25,"default","operations","Total","closing_mean",30,2.72333333333333,2.4902282193068,2.95643844735987
0.25,"default","operations","Total","total",30,970.933333333333,925.931236365663,1015.935430301
0.25,"default","operations_admitted","Total","mean",30,984.2,939.733529195391,1028.66647080461
0.25,"default","operations_admitted","Total","peak",30,984.2,939.733529195391,1028.66647080461
0.25,"default","operations_admitted","Total","closing_mean",30,984.2,939.733529195391,1028.66647080461
0.25,"default","operations_admitted","Total","total",30,984.2,939.733529195391,1028.66647080461
0.25,"default","operations_after_horizon","Total","mean",30,13.2666666666667,9.78592948093214,16.7474038524012
0.25,"default","operations_after_horizon","Total","peak",30,13.2666666666667,9.78592948093214,16.7474038524012
0.25,"default","operations_after_horizon","Total","closing_mean",30,13.2666666666667,9.78592948093214,16.7474038524012
0.25,"default","operations_after_horizon","Total","total",30,13.2666666666667,9.78592948093214,16.7474038524012
0.25,"default","theatre_minutes","Total","mean",30,31.2309706839351,25.9775078498078,36.4844335180625
0.25,"default","theatre_minutes","Total","peak",30,831.897618192103,738.29669760631,925.498538777895
0.25,"default","theatre_minutes","Total","closing_mean",30,28.3831588174271,19.32793271639,37.4383849184642
0.25,"default","theatre_minutes","Total","total",30,11243.1494462167,9351.90282593081,13134.3960665025
0.4,"default","census","Battle injury","mean",30,66.3637037037037,64.0348936696721,68.6925137377353
0.4,"default","census","Battle injury","peak",30,122.466666666667,118.842731623191,126.090601710143
0.4,"default","census","Battle injury","closing_mean",30,67.5874074074074,63.1285432834329,72.046271531382
0.4,"default","census","Battle injury","total",30,23890.9333333333,23052.561721082,24729.3049455847
0.4,"default","census","Disease and non-battle injury","mean",30,17.8032407407407,17.3479487929272,18.2585326885543
0.4,"default","census","Disease and non-battle injury","peak",30,52.0333333333333,48.2158861921337,55.850780474533
0.4,"default","census","Disease and non-battle injury","closing_mean",30,18.0051851851852,16.7308765916978,19.2794937786726
0.4,"default","census","Disease and non-battle injury","total",30,6409.16666666667,6245.2615654538,6573.07176787953
0.4,"default","census","Reconstruction cohort","mean",30,14.5009259259259,13.9477052345531,15.0541466172987
0.4,"default","census","Reconstruction cohort","peak",30,31.2,29.8152861790013,32.5847138209987
0.4,"default","census","Reconstruction cohort","closing_mean",30,15.0525925925926,13.6173528700502,16.487832315135
0.4,"default","census","Reconstruction cohort","total",30,5220.33333333333,5021.17388443913,5419.49278222754
0.4,"default","census","Total","mean",30,98.6678703703704,95.7518708332633,101.583869907477
0.4,"default","census","Total","peak",30,177.1,173.589804245631,180.610195754369
0.4,"default","census","Total","closing_mean",30,100.645185185185,94.1106108171249,107.179759553245
0.4,"default","census","Total","total",30,35520.4333333333,34470.6734999748,36570.1931666919
0.4,"default","census","hold","mean",30,76.9023148148148,74.7524615385478,79.0521680910818
0.4,"default","census","hold","peak",30,134.766666666667,131.796068750152,137.737264583182
0.4,"default","census","hold","closing_mean",30,79.0366666666667,74.1257101149902,83.9476232183431
0.4,"default","census","hold","total",30,27684.8333333333,26910.8861538772,28458.7805127894
0.4,"default","census","icu","mean",30,21.7655555555556,20.946008298652,22.5851028124591
0.4,"default","census","icu","peak",30,55.5,54.2683646824649,56.7316353175351
0.4,"default","census","icu","closing_mean",30,21.6085185185185,19.8263216013077,23.3907154357293
0.4,"default","census","icu","total",30,7835.6,7540.56298751472,8130.63701248528
0.4,"default","operations","Debridement","mean",30,1.37027777777778,1.31278740005291,1.42776815550265
0.4,"default","operations","Debridement","peak",30,11.2333333333333,10.5491261912,11.9175404754667
0.4,"default","operations","Debridement","closing_mean",30,1.38962962962963,1.26346080527109,1.51579845398817
0.4,"default","operations","Debridement","total",30,493.3,472.603464019046,513.996535980954
0.4,"default","operations","Definitive repair","mean",30,0.139907407407407,0.112983955095162,0.166830859719653
0.4,"default","operations","Definitive repair","peak",30,5.83333333333333,5.02420416896681,6.64246249769986
0.4,"default","operations","Definitive repair","closing_mean",30,0.0751851851851852,0.0299886214854968,0.120381748884874
0.4,"default","operations","Definitive repair","total",30,50.3666666666667,40.6742238342584,60.0591094990749
0.4,"default","operations","Reconstruction","mean",30,0.640555555555556,0.616758062940607,0.664353048170504
0.4,"default","operations","Reconstruction","peak",30,5.06666666666667,4.72791742165665,5.40541591167668
0.4,"default","operations","Reconstruction","closing_mean",30,0.644074074074074,0.580415950359902,0.707732197788246
0.4,"default","operations","Reconstruction","total",30,230.6,222.032902658619,239.167097341381
0.4,"default","operations","Total","mean",30,2.15074074074074,2.05675079164285,2.24473068983863
0.4,"default","operations","Total","peak",30,12.5333333333333,11.8922996722204,13.1743669944463
0.4,"default","operations","Total","closing_mean",30,2.10888888888889,1.91317417949457,2.30460359828321
0.4,"default","operations","Total","total",30,774.266666666667,740.430284991426,808.103048341907
0.4,"default","operations_admitted","Total","mean",30,789.533333333333,755.822398950198,823.244267716468
0.4,"default","operations_admitted","Total","peak",30,789.533333333333,755.822398950198,823.244267716468
0.4,"default","operations_admitted","Total","closing_mean",30,789.533333333333,755.822398950198,823.244267716468
0.4,"default","operations_admitted","Total","total",30,789.533333333333,755.822398950198,823.244267716468
0.4,"default","operations_after_horizon","Total","mean",30,15.2666666666667,10.9032897112242,19.6300436221091
0.4,"default","operations_after_horizon","Total","peak",30,15.2666666666667,10.9032897112242,19.6300436221091
0.4,"default","operations_after_horizon","Total","closing_mean",30,15.2666666666667,10.9032897112242,19.6300436221091
0.4,"default","operations_after_horizon","Total","total",30,15.2666666666667,10.9032897112242,19.6300436221091
0.4,"default","theatre_minutes","Total","mean",30,15.9607450018974,12.9004157140884,19.0210742897064
0.4,"default","theatre_minutes","Total","peak",30,692.34599079892,600.325716422582,784.366265175258
0.4,"default","theatre_minutes","Total","closing_mean",30,8.59102159997538,3.69984120896111,13.4822019909897
0.4,"default","theatre_minutes","Total","total",30,5745.86820068306,4644.14965707182,6847.5867442943
