"scenario","subject","block_start_day","n_reps","mean","ci_lower","ci_upper"
"high_intensity","Debridement",1,30,0,0,0
"high_intensity","Debridement",8,30,1.6047619047619,1.36104050485896,1.84848330466485
"high_intensity","Debridement",15,30,2.68571428571429,2.35855671344412,3.01287185798445
"high_intensity","Debridement",22,30,2.82380952380952,2.52182967872365,3.1257893688954
"high_intensity","Debridement",29,30,2.59047619047619,2.33648346301271,2.84446891793967
"high_intensity","Debridement",36,30,2.67142857142857,2.4386344904492,2.90422265240794
"high_intensity","Debridement",43,30,2.48095238095238,2.21167688374554,2.75022787815922
"high_intensity","Debridement",50,30,2.45238095238095,2.18877685744198,2.71598504731992
"high_intensity","Debridement",57,30,2.51428571428571,2.21168372605995,2.81688770251148
"high_intensity","Debridement",64,30,2.64285714285714,2.33126082898268,2.95445345673161
"high_intensity","Debridement",71,30,2.7047619047619,2.4253116113863,2.98421219813751
"high_intensity","Debridement",78,30,2.88571428571429,2.55468065693456,3.21674791449401
"high_intensity","Debridement",85,30,2.7952380952381,2.53290265056587,3.05757353991032
"high_intensity","Debridement",92,30,2.6,2.30836216640265,2.89163783359735
"high_intensity","Debridement",99,30,2.83333333333333,2.51601631576496,3.1506503509017
"high_intensity","Debridement",106,30,2.65714285714286,2.37816112595698,2.93612458832873
"high_intensity","Debridement",113,30,2.64285714285714,2.41970429407999,2.8660099916343
"high_intensity","Debridement",120,30,2.7952380952381,2.498502682368,3.09197350810819
"high_intensity","Debridement",127,30,2.73809523809524,2.47598431029583,3.00020616589464
"high_intensity","Debridement",134,30,2.53809523809524,2.24401711164288,2.8321733645476
"high_intensity","Debridement",141,30,2.54761904761905,2.22569705997886,2.86954103525924
"high_intensity","Debridement",148,30,2.5047619047619,2.14439830555709,2.86512550396672
"high_intensity","Debridement",155,30,2.66666666666667,2.35113270602504,2.98220062730829
"high_intensity","Debridement",162,30,2.37619047619048,2.03954782585367,2.71283312652728
"high_intensity","Debridement",169,30,2.62380952380952,2.32846620522144,2.9191528423976
"high_intensity","Debridement",176,30,2.63809523809524,2.33415591900648,2.942034557184
"high_intensity","Debridement",183,30,2.41428571428571,2.14143854392365,2.68713288464778
"high_intensity","Debridement",190,30,2.44285714285714,2.08670686578846,2.79900741992583
"high_intensity","Debridement",197,30,2.36666666666667,2.11230719967446,2.62102613365887
"high_intensity","Debridement",204,30,2.5952380952381,2.29738051418903,2.89309567628716
"high_intensity","Debridement",211,30,2.43333333333333,2.05445337965437,2.81221328701229
"high_intensity","Debridement",218,30,2.25238095238095,1.94112071606035,2.56364118870156
"high_intensity","Debridement",225,30,2.54761904761905,2.26015506637311,2.83508302886499
"high_intensity","Debridement",232,30,2.57619047619048,2.30473741580787,2.84764353657308
"high_intensity","Debridement",239,30,2.6047619047619,2.27483178221405,2.93469202730976
"high_intensity","Debridement",246,30,2.53333333333333,2.24421859962922,2.82244806703744
"high_intensity","Debridement",253,30,2.42380952380952,2.16760508410437,2.68001396351468
"high_intensity","Debridement",260,30,2.59047619047619,2.33226890611857,2.84868347483381
"high_intensity","Debridement",267,30,2.55238095238095,2.23486300178138,2.86989890298053
"high_intensity","Debridement",274,30,2.43809523809524,2.19147225104878,2.6847182251417
"high_intensity","Debridement",281,30,2.5,2.15238250932794,2.84761749067206
"high_intensity","Debridement",288,30,2.49047619047619,2.20076813368735,2.78018424726503
"high_intensity","Debridement",295,30,2.35714285714286,2.0936628696001,2.62062284468562
"high_intensity","Debridement",302,30,2.67142857142857,2.42234447296723,2.92051266988991
"high_intensity","Debridement",309,30,2.72857142857143,2.48904636778285,2.96809648936001
"high_intensity","Debridement",316,30,2.3047619047619,2.00834079821421,2.6011830113096
"high_intensity","Debridement",323,30,2.67619047619048,2.43930861669221,2.91307233568875
"high_intensity","Debridement",330,30,2.74761904761905,2.41650144591057,3.07873664932752
"high_intensity","Debridement",337,30,2.80952380952381,2.44574556404789,3.17330205499973
"high_intensity","Debridement",344,30,2.73809523809524,2.47006154607356,3.00612893011692
"high_intensity","Debridement",351,30,2.27142857142857,1.97947128203579,2.56338586082135
"high_intensity","Definitive repair",1,30,0,0,0
"high_intensity","Definitive repair",8,30,0.757142857142857,0.634896939817624,0.87938877446809
"high_intensity","Definitive repair",15,30,0.957142857142857,0.840651017907589,1.07363469637813
"high_intensity","Definitive repair",22,30,0.89047619047619,0.806794177539513,0.974158203412868
"high_intensity","Definitive repair",29,30,0.7,0.596724053427111,0.803275946572889
"high_intensity","Definitive repair",36,30,0.595238095238095,0.481358640092497,0.709117550383694
"high_intensity","Definitive repair",43,30,0.538095238095238,0.463068818782691,0.613121657407786
"high_intensity","Definitive repair",50,30,0.495238095238095,0.396445773002826,0.594030417473365
"high_intensity","Definitive repair",57,30,0.414285714285714,0.339696515591791,0.488874912979638
"high_intensity","Definitive repair",64,30,0.423809523809524,0.341546621051864,0.506072426567183
"high_intensity","Definitive repair",71,30,0.323809523809524,0.239834881423089,0.407784166195959
"high_intensity","Definitive repair",78,30,0.376190476190476,0.297587360014519,0.454793592366433
"high_intensity","Definitive repair",85,30,0.271428571428571,0.206699653103532,0.336157489753611
"high_intensity","Definitive repair",92,30,0.361904761904762,0.284243535747916,0.439565988061608
"high_intensity","Definitive repair",99,30,0.338095238095238,0.27469370986782,0.401496766322657
"high_intensity","Definitive repair",106,30,0.338095238095238,0.25825355116571,0.417936925024766
"high_intensity","Definitive repair",113,30,0.295238095238095,0.242947098097747,0.347529092378443
"high_intensity","Definitive repair",120,30,0.280952380952381,0.224077312734002,0.33782744917076
"high_intensity","Definitive repair",127,30,0.214285714285714,0.168354953175066,0.260216475396363
"high_intensity","Definitive repair",134,30,0.271428571428571,0.200896215277253,0.34196092757989
"high_intensity","Definitive repair",141,30,0.271428571428571,0.213077457721953,0.32977968513519
"high_intensity","Definitive repair",148,30,0.247619047619048,0.188295116708674,0.306942978529421
"high_intensity","Definitive repair",155,30,0.233333333333333,0.178210486113115,0.288456180553552
"high_intensity","Definitive repair",162,30,0.271428571428571,0.214784000888924,0.328073141968218
"high_intensity","Definitive repair",169,30,0.195238095238095,0.130307371533874,0.260168818942316
"high_intensity","Definitive repair",176,30,0.20952380952381,0.15760946312423,0.261438155923389
"high_intensity","Definitive repair",183,30,0.195238095238095,0.145742711735001,0.24473347874119
"high_intensity","Definitive repair",190,30,0.214285714285714,0.164264468653814,0.264306959917614
"high_intensity","Definitive repair",197,30,0.2,0.142924009895434,0.257075990104566
"high_intensity","Definitive repair",204,30,0.185714285714286,0.131188023669258,0.240240547759313
"high_intensity","Definitive repair",211,30,0.185714285714286,0.133018288205734,0.238410283222837
"high_intensity","Definitive repair",218,30,0.128571428571429,0.0793410824940934,0.177801774648764
"high_intensity","Definitive repair",225,30,0.157142857142857,0.121841916931527,0.192443797354187
"high_intensity","Definitive repair",232,30,0.195238095238095,0.141925027548439,0.248551162927751
"high_intensity","Definitive repair",239,30,0.157142857142857,0.114307221541771,0.199978492743943
"high_intensity","Definitive repair",246,30,0.138095238095238,0.0972931230594761,0.178897353131
"high_intensity","Definitive repair",253,30,0.123809523809524,0.0801046160145324,0.167514431604515
"high_intensity","Definitive repair",260,30,0.185714285714286,0.13491445250354,0.236514118925031
"high_intensity","Definitive repair",267,30,0.123809523809524,0.0801046160145324,0.167514431604515
"high_intensity","Definitive repair",274,30,0.147619047619048,0.117957082163861,0.177281013074234
"high_intensity","Definitive repair",281,30,0.147619047619048,0.1001474994145,0.195090595823595
"high_intensity","Definitive repair",288,30,0.147619047619048,0.098123664115953,0.197114431122142
"high_intensity","Definitive repair",295,30,0.176190476190476,0.13040235753955,0.221978594841403
"high_intensity","Definitive repair",302,30,0.147619047619048,0.1001474994145,0.195090595823595
"high_intensity","Definitive repair",309,30,0.10952380952381,0.0616406505973869,0.157406968450232
"high_intensity","Definitive repair",316,30,0.123809523809524,0.0874586824461722,0.160160365172875
"high_intensity","Definitive repair",323,30,0.119047619047619,0.0768272489533081,0.16126798914193
"high_intensity","Definitive repair",330,30,0.133333333333333,0.0891816857400097,0.177484980926657
"high_intensity","Definitive repair",337,30,0.133333333333333,0.0829537414061434,0.183712925260523
"high_intensity","Definitive repair",344,30,0.1,0.0600075312298555,0.139992468770144
"high_intensity","Definitive repair",351,30,0.1,0.0652594277541726,0.134740572245827
"high_intensity","Reconstruction",1,30,0,0,0
"high_intensity","Reconstruction",8,30,0.361904761904762,0.26716858858163,0.456640935227894
"high_intensity","Reconstruction",15,30,0.904761904761905,0.790667244154785,1.01885656536902
"high_intensity","Reconstruction",22,30,1.12380952380952,0.959403040784589,1.28821600683446
"high_intensity","Reconstruction",29,30,0.966666666666667,0.848060162377585,1.08527317095575
"high_intensity","Reconstruction",36,30,1.12857142857143,1.02529548199854,1.23184737514432
"high_intensity","Reconstruction",43,30,0.995238095238095,0.877628534654536,1.11284765582165
"high_intensity","Reconstruction",50,30,1.01428571428571,0.893493234701261,1.13507819387017
"high_intensity","Reconstruction",57,30,1.07619047619048,0.93146351399616,1.22091743838479
"high_intensity","Reconstruction",64,30,1,0.852408651984033,1.14759134801597
"high_intensity","Reconstruction",71,30,0.976190476190476,0.842494336441412,1.10988661593954
"high_intensity","Reconstruction",78,30,1.06190476190476,0.959264170156638,1.16454535365289
"high_intensity","Reconstruction",85,30,1.2047619047619,1.05086741909208,1.35865639043173
"high_intensity","Reconstruction",92,30,1.01428571428571,0.875358735248086,1.15321269332334
"high_intensity","Reconstruction",99,30,1.07142857142857,0.942464343226909,1.20039279963023
"high_intensity","Reconstruction",106,30,1.17619047619048,1.03492881884806,1.3174521335329
"high_intensity","Reconstruction",113,30,1.0952380952381,0.937160447769712,1.25331574270648
"high_intensity","Reconstruction",120,30,1.0047619047619,0.887152344178345,1.12237146534546
"high_intensity","Reconstruction",127,30,1.08571428571429,0.950183694025883,1.22124487740269
"high_intensity","Reconstruction",134,30,1.1,0.949023616847017,1.25097638315298
"high_intensity","Reconstruction",141,30,1.10952380952381,0.994273983220474,1.22477363582715
"high_intensity","Reconstruction",148,30,1.01904761904762,0.89794414918742,1.14015108890782
"high_intensity","Reconstruction",155,30,1.10952380952381,0.973932898907818,1.2451147201398
"high_intensity","Reconstruction",162,30,1.03333333333333,0.893467806355582,1.17319886031108
"high_intensity","Reconstruction",169,30,0.966666666666667,0.814052700984569,1.11928063234876
"high_intensity","Reconstruction",176,30,1.0952380952381,0.939663154349752,1.25081303612644
"high_intensity","Reconstruction",183,30,1.04285714285714,0.921416543371197,1.16429774234309
"high_intensity","Reconstruction",190,30,1.05714285714286,0.917335804822529,1.19694990946318
"high_intensity","Reconstruction",197,30,1.04761904761905,0.926030407229868,1.16920768800823
"high_intensity","Reconstruction",204,30,0.957142857142857,0.829401790930931,1.08488392335478
"high_intensity","Reconstruction",211,30,1.04285714285714,0.914350236053884,1.1713640496604
"high_intensity","Reconstruction",218,30,0.961904761904762,0.814357742271838,1.10945178153769
"high_intensity","Reconstruction",225,30,1.01904761904762,0.872300800058108,1.16579443803713
"high_intensity","Reconstruction",232,30,1.10952380952381,0.970361600078924,1.2486860189687
"high_intensity","Reconstruction",239,30,1.02380952380952,0.895353530996696,1.15226551662235
"high_intensity","Reconstruction",246,30,1.22857142857143,1.10838973570694,1.34875312143592
"high_intensity","Reconstruction",253,30,0.971428571428571,0.846601247196141,1.096255895661
"high_intensity","Reconstruction",260,30,0.995238095238095,0.852044722092421,1.13843146838377
"high_intensity","Reconstruction",267,30,1.06190476190476,0.928502514007177,1.19530700980235
"high_intensity","Reconstruction",274,30,1.12380952380952,0.982513139955985,1.26510590766306
"high_intensity","Reconstruction",281,30,1.0952380952381,0.959900704776478,1.23057548569971
"high_intensity","Reconstruction",288,30,1.04285714285714,0.914350236053884,1.1713640496604
"high_intensity","Reconstruction",295,30,1.04761904761905,0.903844396003609,1.19139369923449
"high_intensity","Reconstruction",302,30,0.952380952380952,0.835734791378548,1.06902711338336
"high_intensity","Reconstruction",309,30,1.07619047619048,0.951101404293332,1.20127954808762
"high_intensity","Reconstruction",316,30,1.08095238095238,0.931587736456744,1.23031702544802
"high_intensity","Reconstruction",323,30,1.08571428571429,0.978476406156508,1.19295216527206
"high_intensity","Reconstruction",330,30,1.11904761904762,0.992128542896058,1.24596669519918
"high_intensity","Reconstruction",337,30,1.0952380952381,0.968900183007524,1.22157600746867
"high_intensity","Reconstruction",344,30,1.16666666666667,1.01508490535441,1.31824842797892
"high_intensity","Reconstruction",351,30,1.1047619047619,0.973397960997343,1.23612584852647
"high_intensity","Total",1,30,0,0,0
"high_intensity","Total",8,30,2.72380952380952,2.41278580945646,3.03483323816258
"high_intensity","Total",15,30,4.54761904761905,4.11947272170466,4.97576537353343
"high_intensity","Total",22,30,4.83809523809524,4.44616720818052,5.23002326800996
"high_intensity","Total",29,30,4.25714285714286,3.94065668268598,4.57362903159973
"high_intensity","Total",36,30,4.3952380952381,4.13178293619026,4.65869325428593
"high_intensity","Total",43,30,4.01428571428571,3.69781504207834,4.33075638649309
"high_intensity","Total",50,30,3.96190476190476,3.67245083751613,4.2513586862934
"high_intensity","Total",57,30,4.0047619047619,3.62821999021966,4.38130381930415
"high_intensity","Total",64,30,4.06666666666667,3.6459996398682,4.48733369346513
"high_intensity","Total",71,30,4.0047619047619,3.63136014764639,4.37816366187742
"high_intensity","Total",78,30,4.32380952380952,3.93383918024579,4.71377986737326
"high_intensity","Total",85,30,4.27142857142857,3.89964202566791,4.64321511718923
"high_intensity","Total",92,30,3.97619047619048,3.59124709900305,4.3611338533779
"high_intensity","Total",99,30,4.24285714285714,3.87885868309044,4.60685560262385
"high_intensity","Total",106,30,4.17142857142857,3.77510221930819,4.56775492354895
"high_intensity","Total",113,30,4.03333333333333,3.73429216401805,4.33237450264862
"high_intensity","Total",120,30,4.08095238095238,3.71573392144881,4.44617084045595
"high_intensity","Total",127,30,4.03809523809524,3.71137785112564,4.36481262506483
"high_intensity","Total",134,30,3.90952380952381,3.50850063310159,4.31054698594602
"high_intensity","Total",141,30,3.92857142857143,3.57898362055259,4.27815923659026
"high_intensity","Total",148,30,3.77142857142857,3.34916290017822,4.19369424267892
"high_intensity","Total",155,30,4.00952380952381,3.61804668445223,4.40100093459539
"high_intensity","Total",162,30,3.68095238095238,3.25083962335625,4.11106513854851
"high_intensity","Total",169,30,3.78571428571429,3.39730288011972,4.17412569130885
"high_intensity","Total",176,30,3.94285714285714,3.58144223168807,4.30427205402622
"high_intensity","Total",183,30,3.65238095238095,3.30875702215201,3.99600488260989
"high_intensity","Total",190,30,3.71428571428571,3.23943245383593,4.1891389747355
"high_intensity","Total",197,30,3.61428571428571,3.29356485631714,3.93500657225429
"high_intensity","Total",204,30,3.73809523809524,3.3727693271584,4.10342114903208
"high_intensity","Total",211,30,3.66190476190476,3.22459757193308,4.09921195187644
"high_intensity","Total",218,30,3.34285714285714,2.92833065535181,3.75738363036248
"high_intensity","Total",225,30,3.72380952380952,3.34767173854539,4.09994730907365
"high_intensity","Total",232,30,3.88095238095238,3.51832230744769,4.24358245445707
"high_intensity","Total",239,30,3.78571428571429,3.42534614841092,4.14608242301766
"high_intensity","Total",246,30,3.9,3.53438770629583,4.26561229370417
"high_intensity","Total",253,30,3.51904761904762,3.19126579976788,3.84682943832736
"high_intensity","Total",260,30,3.77142857142857,3.45271794509732,4.09013919775982
"high_intensity","Total",267,30,3.73809523809524,3.36558800476985,4.11060247142063
"high_intensity","Total",274,30,3.70952380952381,3.37846548061282,4.0405821384348
"high_intensity","Total",281,30,3.74285714285714,3.34901437423846,4.13669991147582
"high_intensity","Total",288,30,3.68095238095238,3.31519697995258,4.04670778195218
"high_intensity","Total",295,30,3.58095238095238,3.24243494430323,3.91946981760153
"high_intensity","Total",302,30,3.77142857142857,3.46947580512261,4.07338133773454
"high_intensity","Total",309,30,3.91428571428571,3.6424293103666,4.18614211820483
"high_intensity","Total",316,30,3.50952380952381,3.13764930025798,3.88139831878964
"high_intensity","Total",323,30,3.88095238095238,3.61182268107457,4.15008208083019
"high_intensity","Total",330,30,4,3.63095515335923,4.36904484664077
"high_intensity","Total",337,30,4.03809523809524,3.61668245737681,4.45950801881367
"high_intensity","Total",344,30,4.0047619047619,3.63906016243534,4.37046364708847
"high_intensity","Total",351,30,3.47619047619048,3.0856167224675,3.86676422991345
"moderate_intensity","Debridement",1,30,0,0,0
"moderate_intensity","Debridement",8,30,1.14761904761905,0.890268216607807,1.40496987863029
"moderate_intensity","Debridement",15,30,1.89047619047619,1.58526433318702,2.19568804776536
"moderate_intensity","Debridement",22,30,1.68095238095238,1.34192806937712,2.01997669252764
"moderate_intensity","Debridement",29,30,1.9,1.58576963601001,2.21423036398999
"moderate_intensity","Debridement",36,30,1.99047619047619,1.5898324483261,2.39111993262628
"moderate_intensity","Debridement",43,30,1.92857142857143,1.53389491866048,2.32324793848238
"moderate_intensity","Debridement",50,30,1.8952380952381,1.52807695877179,2.2623992317044
"moderate_intensity","Debridement",57,30,2.07619047619048,1.53712957066896,2.61525138171199
"moderate_intensity","Debridement",64,30,2.17619047619048,1.69934047286637,2.65304047951458
"moderate_intensity","Debridement",71,30,1.88571428571429,1.55676208905222,2.21466648237635
"moderate_intensity","Debridement",78,30,1.83333333333333,1.54723796441409,2.11942870225258
"moderate_intensity","Debridement",85,30,1.87619047619048,1.58545123611293,2.16692971626803
"moderate_intensity","Debridement",92,30,1.88571428571429,1.62877683931005,2.14265173211852
"moderate_intensity","Debridement",99,30,1.74285714285714,1.42979995553932,2.05591433017497
"moderate_intensity","Debridement",106,30,1.81428571428571,1.50924536650036,2.11932606207107
"moderate_intensity","Debridement",113,30,1.88095238095238,1.5357899134656,2.22611484843917
"moderate_intensity","Debridement",120,30,1.86666666666667,1.45395894553328,2.27937438780006
"moderate_intensity","Debridement",127,30,1.77619047619048,1.44864822705154,2.10373272532941
"moderate_intensity","Debridement",134,30,2.11904761904762,1.75831661883313,2.4797786192621
"moderate_intensity","Debridement",141,30,2.13809523809524,1.69676770645213,2.57942276973835
"moderate_intensity","Debridement",148,30,1.92857142857143,1.6617608033554,2.19538205378746
"moderate_intensity","Debridement",155,30,2.23809523809524,1.86922768901293,2.60696278717755
"moderate_intensity","Debridement",162,30,2.08571428571429,1.68958604725394,2.48184252417464
"moderate_intensity","Debridement",169,30,1.95238095238095,1.58752537509281,2.31723652966909
"moderate_intensity","Debridement",176,30,2.28095238095238,1.85134180725947,2.71056295464529
"moderate_intensity","Debridement",183,30,2.05714285714286,1.72634644346259,2.38793927082312
"moderate_intensity","Debridement",190,30,1.84761904761905,1.54849585858107,2.14674223665703
"moderate_intensity","Debridement",197,30,1.95238095238095,1.61403747622691,2.29072442853499
"moderate_intensity","Debridement",204,30,1.81428571428571,1.51673575798286,2.11183567058857
"moderate_intensity","Debridement",211,30,1.98095238095238,1.63588942557054,2.32601533633423
"moderate_intensity","Debridement",218,30,1.81904761904762,1.49413720008087,2.14395803801437
"moderate_intensity","Debridement",225,30,1.72380952380952,1.33459475846567,2.11302428915338
"moderate_intensity","Debridement",232,30,1.35238095238095,1.136840337926,1.5679215668359
"moderate_intensity","Debridement",239,30,1.66190476190476,1.37023889186917,1.95357063194036
"moderate_intensity","Debridement",246,30,1.87142857142857,1.57913538996729,2.16372175288986
"moderate_intensity","Debridement",253,30,1.96190476190476,1.67586084333252,2.247948680477
"moderate_intensity","Debridement",260,30,1.83333333333333,1.53646568051333,2.13020098615333
"moderate_intensity","Debridement",267,30,1.7952380952381,1.47466004282369,2.1158161476525
"moderate_intensity","Debridement",274,30,1.96666666666667,1.65857498595694,2.27475834737639
"moderate_intensity","Debridement",281,30,1.76666666666667,1.43412968731363,2.09920364601971
"moderate_intensity","Debridement",288,30,1.5952380952381,1.28102854947816,1.90944764099804
"moderate_intensity","Debridement",295,30,1.90952380952381,1.52320641776408,2.29584120128354
"moderate_intensity","Debridement",302,30,1.97619047619048,1.60925656961203,2.34312438276893
"moderate_intensity","Debridement",309,30,2.08095238095238,1.81601163054647,2.34589313135829
"moderate_intensity","Debridement",316,30,2.22857142857143,1.88928191328987,2.56786094385299
"moderate_intensity","Debridement",323,30,2.10952380952381,1.7285261335295,2.49052148551812
"moderate_intensity","Debridement",330,30,1.83809523809524,1.43627763693757,2.23991283925291
"moderate_intensity","Debridement",337,30,2.1,1.7444563590248,2.4555436409752
"moderate_intensity","Debridement",344,30,2.14285714285714,1.77010852754026,2.51560575817403
"moderate_intensity","Debridement",351,30,1.79047619047619,1.3612655008316,2.21968688012078
"moderate_intensity","Definitive repair",1,30,0,0,0
"moderate_intensity","Definitive repair",8,30,0.266666666666667,0.112740304484813,0.42059302884852
"moderate_intensity","Definitive repair",15,30,0.328571428571429,0.156343536691756,0.500799320451101
"moderate_intensity","Definitive repair",22,30,0.314285714285714,0.165107316897867,0.463464111673562
"moderate_intensity","Definitive repair",29,30,0.49047619047619,0.227766977408669,0.753185403543712
"moderate_intensity","Definitive repair",36,30,0.476190476190476,0.229011106342234,0.723369846038718
"moderate_intensity","Definitive repair",43,30,0.523809523809524,0.2278522139351,0.819766833683948
"moderate_intensity","Definitive repair",50,30,0.528571428571429,0.225467249811188,0.83167560733167
"moderate_intensity","Definitive repair",57,30,0.433333333333333,0.116201905406399,0.750464761260268
"moderate_intensity","Definitive repair",64,30,0.30952380952381,0.126290991179664,0.492756627867955
"moderate_intensity","Definitive repair",71,30,0.438095238095238,0.185186520715573,0.691003955474903
"moderate_intensity","Definitive repair",78,30,0.280952380952381,0.082599484239777,0.479305277664985
"moderate_intensity","Definitive repair",85,30,0.342857142857143,0.156693546750141,0.529020738964145
"moderate_intensity","Definitive repair",92,30,0.328571428571429,0.13438467359631,0.522758183546547
"moderate_intensity","Definitive repair",99,30,0.438095238095238,0.193469662482607,0.682720813707869
"moderate_intensity","Definitive repair",106,30,0.257142857142857,0.066397368629262,0.447888345656452
"moderate_intensity","Definitive repair",113,30,0.328571428571429,0.0818622525945122,0.575280604548345
"moderate_intensity","Definitive repair",120,30,0.357142857142857,0.056117651309264,0.65816806297645
"moderate_intensity","Definitive repair",127,30,0.323809523809524,0.140657049205818,0.50696199841323
"moderate_intensity","Definitive repair",134,30,0.628571428571429,0.293648006439938,0.963494850702919
"moderate_intensity","Definitive repair",141,30,0.395238095238095,0.132902650565869,0.657573539910321
"moderate_intensity","Definitive repair",148,30,0.361904761904762,0.0892794502342903,0.634530073575233
"moderate_intensity","Definitive repair",155,30,0.480952380952381,0.216827671757185,0.745077090147577
"moderate_intensity","Definitive repair",162,30,0.385714285714286,0.159764816690516,0.611663754738055
"moderate_intensity","Definitive repair",169,30,0.5,0.142090809714441,0.857909190285559
"moderate_intensity","Definitive repair",176,30,0.547619047619048,0.185259660944944,0.909978434293152
"moderate_intensity","Definitive repair",183,30,0.3,0.120409125926413,0.479590874073587
"moderate_intensity","Definitive repair",190,30,0.271428571428571,0.115213725516775,0.427643417340368
"moderate_intensity","Definitive repair",197,30,0.295238095238095,0.110485384159187,0.479990806317003
"moderate_intensity","Definitive repair",204,30,0.376190476190476,0.198172744584341,0.554208207796612
"moderate_intensity","Definitive repair",211,30,0.347619047619048,0.0565593654830748,0.63867872975502
"moderate_intensity","Definitive repair",218,30,0.280952380952381,0.112565486925248,0.449339274979514
"moderate_intensity","Definitive repair",225,30,0.338095238095238,0.130556016455728,0.545634459734748
"moderate_intensity","Definitive repair",232,30,0.228571428571429,0.0989620905978287,0.358180766545028
"moderate_intensity","Definitive repair",239,30,0.219047619047619,0.0459200125015976,0.39217522559364
"moderate_intensity","Definitive repair",246,30,0.457142857142857,0.159840329956416,0.754445384329298
"moderate_intensity","Definitive repair",253,30,0.542857142857143,0.23042745103355,0.855286834680736
"moderate_intensity","Definitive repair",260,30,0.39047619047619,0.153180466834697,0.627771914117684
"moderate_intensity","Definitive repair",267,30,0.385714285714286,0.112939049751144,0.658489521677427
"moderate_intensity","Definitive repair",274,30,0.461904761904762,0.211432632803056,0.712376891006467
"moderate_intensity","Definitive repair",281,30,0.333333333333333,0.158738358015524,0.507928308651143
"moderate_intensity","Definitive repair",288,30,0.5,0.220965516288138,0.779034483711862
"moderate_intensity","Definitive repair",295,30,0.385714285714286,0.176448679647737,0.594979891780834
"moderate_intensity","Definitive repair",302,30,0.385714285714286,0.126211866102819,0.645216705325752
"moderate_intensity","Definitive repair",309,30,0.395238095238095,0.177906724696735,0.612569465779455
"moderate_intensity","Definitive repair",316,30,0.642857142857143,0.334425932003999,0.951288353710287
"moderate_intensity","Definitive repair",323,30,0.638095238095238,0.25631286989895,1.01987760629153
"moderate_intensity","Definitive repair",330,30,0.466666666666667,0.121831275360166,0.811502057973167
"moderate_intensity","Definitive repair",337,30,0.69047619047619,0.291513624319118,1.08943875663326
"moderate_intensity","Definitive repair",344,30,0.614285714285714,0.183382824308425,1.045188604263
"moderate_intensity","Definitive repair",351,30,0.514285714285714,0.203367178561462,0.825204250009966
"moderate_intensity","Reconstruction",1,30,0,0,0
"moderate_intensity","Reconstruction",8,30,0.438095238095238,0.368144938074932,0.508045538115544
"moderate_intensity","Reconstruction",15,30,0.7,0.577593654892714,0.822406345107286
"moderate_intensity","Reconstruction",22,30,0.766666666666667,0.631220566605287,0.902112766728047
"moderate_intensity","Reconstruction",29,30,0.9,0.751646072268951,1.04835392773105
"moderate_intensity","Reconstruction",36,30,0.847619047619048,0.676658710781922,1.01857938445617
"moderate_intensity","Reconstruction",43,30,0.942857142857143,0.773241307688254,1.11247297802603
"moderate_intensity","Reconstruction",50,30,0.838095238095238,0.698194638054627,0.977995838135849
"moderate_intensity","Reconstruction",57,30,0.871428571428571,0.703119391444589,1.03973775141255
"moderate_intensity","Reconstruction",64,30,0.942857142857143,0.787745411644838,1.09796887406945
"moderate_intensity","Reconstruction",71,30,0.947619047619048,0.753263932325348,1.14197416291275
"moderate_intensity","Reconstruction",78,30,0.885714285714286,0.745346882240957,1.02608168918761
"moderate_intensity","Reconstruction",85,30,0.838095238095238,0.694730656040842,0.981459820149634
"moderate_intensity","Reconstruction",92,30,0.819047619047619,0.677612414413402,0.960482823681836
"moderate_intensity","Reconstruction",99,30,0.914285714285714,0.794104021421226,1.0344674071502
"moderate_intensity","Reconstruction",106,30,0.919047619047619,0.765792055949902,1.07230318214534
"moderate_intensity","Reconstruction",113,30,0.895238095238095,0.729523790246558,1.06095240022963
"moderate_intensity","Reconstruction",120,30,0.780952380952381,0.650487858562726,0.911416903342036
"moderate_intensity","Reconstruction",127,30,0.847619047619048,0.707578243167061,0.987659852071034
"moderate_intensity","Reconstruction",134,30,0.819047619047619,0.691473090925935,0.946622147169303
"moderate_intensity","Reconstruction",141,30,0.947619047619048,0.795133725370051,1.10010436986804
"moderate_intensity","Reconstruction",148,30,0.952380952380952,0.764259893257394,1.14050201150451
"moderate_intensity","Reconstruction",155,30,0.828571428571429,0.691743863870687,0.96539899327217
"moderate_intensity","Reconstruction",162,30,1.0047619047619,0.838722253824612,1.1708015556992
"moderate_intensity","Reconstruction",169,30,0.861904761904762,0.712671561826925,1.0111379619826
"moderate_intensity","Reconstruction",176,30,0.928571428571428,0.76061240676143,1.09653045038143
"moderate_intensity","Reconstruction",183,30,0.904761904761905,0.744220561096588,1.06530324842722
"moderate_intensity","Reconstruction",190,30,0.838095238095238,0.713006166198094,0.963184309992382
"moderate_intensity","Reconstruction",197,30,0.914285714285714,0.740667606836314,1.08790382173511
"moderate_intensity","Reconstruction",204,30,0.880952380952381,0.737348449347619,1.02455631255714
"moderate_intensity","Reconstruction",211,30,0.833333333333333,0.731267942456229,0.935398724210438
"moderate_intensity","Reconstruction",218,30,0.942857142857143,0.800960183143257,1.08475410257103
"moderate_intensity","Reconstruction",225,30,0.757142857142857,0.593684084806862,0.920601629478852
"moderate_intensity","Reconstruction",232,30,0.761904761904762,0.640316121515582,0.883493402293941
"moderate_intensity","Reconstruction",239,30,0.7,0.561073020962371,0.838926979037629
"moderate_intensity","Reconstruction",246,30,0.823809523809524,0.679796204176046,0.967822843443002
"moderate_intensity","Reconstruction",253,30,0.957142857142857,0.810117697136599,1.10416801714912
"moderate_intensity","Reconstruction",260,30,0.819047619047619,0.679006814595633,0.959088423499605
"moderate_intensity","Reconstruction",267,30,0.838095238095238,0.702468148999317,0.973722327191159
"moderate_intensity","Reconstruction",274,30,0.933333333333333,0.797706244237413,1.06896042242925
"moderate_intensity","Reconstruction",281,30,0.80952380952381,0.680876993145305,0.938170625902314
"moderate_intensity","Reconstruction",288,30,0.842857142857143,0.693711636749022,0.992002648965264
"moderate_intensity","Reconstruction",295,30,0.814285714285714,0.660731656486244,0.967839772085185
"moderate_intensity","Reconstruction",302,30,0.947619047619048,0.822726235042449,1.07251186019565
"moderate_intensity","Reconstruction",309,30,0.914285714285714,0.774478661965387,1.05409276660604
"moderate_intensity","Reconstruction",316,30,0.938095238095238,0.771937437486256,1.10425303870422
"moderate_intensity","Reconstruction",323,30,0.947619047619048,0.761516953987837,1.13372114125026
"moderate_intensity","Reconstruction",330,30,0.990476190476191,0.855429120099646,1.12552326085274
"moderate_intensity","Reconstruction",337,30,0.89047619047619,0.751313981031305,1.02963839992108
"moderate_intensity","Reconstruction",344,30,0.919047619047619,0.764516852470986,1.07357838562425
"moderate_intensity","Reconstruction",351,30,1.04285714285714,0.876423985855603,1.20929029985868
"moderate_intensity","Total",1,30,0,0,0
"moderate_intensity","Total",8,30,1.85238095238095,1.50795840418805,2.19680350057386
"moderate_intensity","Total",15,30,2.91904761904762,2.44158069771406,3.39651454038118
"moderate_intensity","Total",22,30,2.76190476190476,2.29616207583352,3.227647447976
"moderate_intensity","Total",29,30,3.29047619047619,2.76847710095384,3.81247527999854
"moderate_intensity","Total",36,30,3.31428571428571,2.61758446675127,4.01098696182016
"moderate_intensity","Total",43,30,3.3952380952381,2.72096978772051,4.06950640275568
"moderate_intensity","Total",50,30,3.26190476190476,2.61339138401292,3.9104181397966
"moderate_intensity","Total",57,30,3.38095238095238,2.50910223088997,4.25280253101479
"moderate_intensity","Total",64,30,3.42857142857143,2.75222290436769,4.10491995277517
"moderate_intensity","Total",71,30,3.27142857142857,2.64582373324951,3.89703340960764
"moderate_intensity","Total",78,30,3,2.64950116678118,3.35049883321882
"moderate_intensity","Total",85,30,3.05714285714286,2.64475226201383,3.46953345227189
"moderate_intensity","Total",92,30,3.03333333333333,2.63030877100362,3.43635789566304
"moderate_intensity","Total",99,30,3.0952380952381,2.58601791589314,3.60445827458305
"moderate_intensity","Total",106,30,2.99047619047619,2.48792832246733,3.49302405848506
"moderate_intensity","Total",113,30,3.1047619047619,2.4850534442,3.72447036532381
"moderate_intensity","Total",120,30,3.0047619047619,2.28737114523653,3.72215266428728
"moderate_intensity","Total",127,30,2.94761904761905,2.45942195401387,3.43581614122422
"moderate_intensity","Total",134,30,3.56666666666667,2.90669490448122,4.22663842885211
"moderate_intensity","Total",141,30,3.48095238095238,2.77223095429452,4.18967380761024
"moderate_intensity","Total",148,30,3.24285714285714,2.75694327077642,3.72877101493787
"moderate_intensity","Total",155,30,3.54761904761905,2.89143454508721,4.20380355015088
"moderate_intensity","Total",162,30,3.47619047619048,2.80474397210139,4.14763698027957
"moderate_intensity","Total",169,30,3.31428571428571,2.63875010927502,3.98982131929641
"moderate_intensity","Total",176,30,3.75714285714286,2.9888104452901,4.52547526899562
"moderate_intensity","Total",183,30,3.26190476190476,2.70452486832865,3.81928465548088
"moderate_intensity","Total",190,30,2.95714285714286,2.5584099050282,3.35587580925751
"moderate_intensity","Total",197,30,3.16190476190476,2.60370687094304,3.72010265286649
"moderate_intensity","Total",204,30,3.07142857142857,2.62649908960077,3.51635805325637
"moderate_intensity","Total",211,30,3.16190476190476,2.57475034674992,3.7490591770596
"moderate_intensity","Total",218,30,3.04285714285714,2.57421260512175,3.51150168059253
"moderate_intensity","Total",225,30,2.81904761904762,2.21717107848233,3.4209241596129
"moderate_intensity","Total",232,30,2.34285714285714,1.95803698766446,2.72767729804983
"moderate_intensity","Total",239,30,2.58095238095238,2.11130739963816,3.0505973622666
"moderate_intensity","Total",246,30,3.15238095238095,2.56419133427234,3.74057057048956
"moderate_intensity","Total",253,30,3.46190476190476,2.88013105004847,4.04367847376106
"moderate_intensity","Total",260,30,3.04285714285714,2.55633784583181,3.52937643988248
"moderate_intensity","Total",267,30,3.01904761904762,2.43005780306875,3.60803743502649
"moderate_intensity","Total",274,30,3.36190476190476,2.79205100248987,3.93175852131966
"moderate_intensity","Total",281,30,2.90952380952381,2.44311795440267,3.37592966464495
"moderate_intensity","Total",288,30,2.93809523809524,2.32527309786824,3.55091737832223
"moderate_intensity","Total",295,30,3.10952380952381,2.51589593463167,3.70315168441595
"moderate_intensity","Total",302,30,3.30952380952381,2.75196790124007,3.86707971780755
"moderate_intensity","Total",309,30,3.39047619047619,2.91213666394794,3.86881571700444
"moderate_intensity","Total",316,30,3.80952380952381,3.2293292213642,4.38971839768342
"moderate_intensity","Total",323,30,3.6952380952381,2.91353808447603,4.47693810600016
"moderate_intensity","Total",330,30,3.2952380952381,2.57764903648217,4.01282715399402
"moderate_intensity","Total",337,30,3.68095238095238,2.94237318313825,4.41953157876651
"moderate_intensity","Total",344,30,3.67619047619048,2.84235397939137,4.51002697298958
"moderate_intensity","Total",351,30,3.34761904761905,2.54499178896646,4.15024630627163
