"decisions","boarded","queued_at_end","mean_wait_days","p90_wait_days","mean_wait_critical","mean_wait_standard","sorties_scheduled","sorties_flown","cancellation_rate","role4_peak","role4_peak_day","role4_peak_after_end","hold_total_bed_days","hold_evac_bed_days","hold_recovery_bed_days","hold_post_definitive_bed_days","hold_post_op_bed_days","hold_unexplained_bed_days","hold_evac_share","ventilated_holds","ventilated_hold_hours","replication","setting","value","arm","scenario"
5206,3279,1927,18.5027409397534,32.769454832451,21.8806560156483,14.2048531508809,51,51,0,216,323,-37,10748.2556895713,4247.85550004995,2712.19560106837,2639.73800193729,1148.46658651565,1.81898940354586e-12,0.395213476747815,129,253.965855552765,1,"failure_probability",0,"reliability","high_intensity"
5237,3338,1899,17.8446020563758,30.73964677009,21.0131637590575,13.9714467393828,51,51,0,215,283,-77,10743.3892796841,4211.13273681833,2696.74465642653,2699.15738132978,1136.35450510952,0,0.39197432273832,129,252.577530995008,2,"failure_probability",0,"reliability","high_intensity"
5383,3406,1977,21.3422301708579,37.8375851046807,23.7601182580449,18.5146871593449,51,51,0,220,43,-317,10732.7815347923,4066.66968077105,2810.79789875045,2747.7873436046,1107.52661166617,0,0.378901747658629,107,292.893960248913,3,"failure_probability",0,"reliability","high_intensity"
5434,3407,2027,19.4842683261666,33.4487630387876,22.4235922634224,16.0491322670948,51,51,0,223,212,-148,10760.156095707,4575.7276973828,2267.3942637336,2763.71857915969,1153.31555543088,0,0.425247334395864,125,266.764168515243,4,"failure_probability",0,"reliability","high_intensity"
5276,3331,1945,19.5394876329639,33.1812071859989,22.891126928106,15.4233607126423,51,51,0,209,107,-253,10756.3055511295,4451.27338535006,2493.97162851427,2699.54749009098,1111.51304717421,0,0.413829205965857,117,282.815522448959,5,"failure_probability",0,"reliability","high_intensity"
5185,3322,1863,18.249620838686,31.9361300111399,21.9073947804925,13.7303254435603,51,51,0,216,128,-232,10738.3274506546,4245.98418817534,2735.34749366806,2640.31364541802,1116.68212339322,-1.81898940354586e-12,0.395404610977521,120,278.772952751686,6,"failure_probability",0,"reliability","high_intensity"
5214,3427,1787,15.194348194605,26.6083391759799,19.0778840484251,10.7127819924594,51,51,0,219,183,-177,10754.9828596447,4566.43952126115,2451.8892444228,2638.06174170039,1098.59235226033,0,0.424588265816355,152,221.254747988331,7,"failure_probability",0,"reliability","high_intensity"
5353,3371,1982,17.6219308421173,31.3513142099243,21.0904481893466,13.473267747972,51,51,0,213,155,-205,10739.6649205444,4321.88819043538,2623.710613542,2649.52416439299,1144.54195217404,1.81898940354586e-12,0.4024230013143,132,247.026202430986,8,"failure_probability",0,"reliability","high_intensity"
5219,3298,1921,17.1611403623455,28.7539962976957,20.7055758993981,12.7099887576747,51,51,0,216,129,-231,10757.3905307533,4316.08186889369,2697.43985159019,2622.13082970764,1121.73798056179,1.81898940354586e-12,0.401220152466794,139,239.042169113658,9,"failure_probability",0,"reliability","high_intensity"
5404,3441,1963,18.5176575269575,32.6559567220066,21.8603342765325,14.6938852452005,51,51,0,210,246,-114,10735.3781321516,3635.60029484302,3264.23681702518,2675.5443367016,1159.99668358184,1.81898940354586e-12,0.338656007276975,126,254.988261436273,10,"failure_probability",0,"reliability","high_intensity"
5396,3364,2032,19.1965525483197,33.7132896296016,22.3528528070523,15.4040346981672,51,51,0,215,330,-30,10748.0731920467,4075.11731866828,2795.53747687563,2748.53686266351,1128.8815338393,-1.81898940354586e-12,0.37914863863076,114,285.985849591506,11,"failure_probability",0,"reliability","high_intensity"
5290,3376,1914,19.3634406177462,34.6049263900801,22.8604111978829,15.1943250429858,51,51,0,217,297,-63,10732.800520721,3811.06681943557,3054.70832524737,2764.60836669202,1102.417009346,0,0.355085964010777,123,270.665650073578,12,"failure_probability",0,"reliability","high_intensity"
5337,3448,1889,17.6020125376105,29.8630135924216,21.3761991752427,13.3033731662131,51,51,0,215,191,-169,10758.5864648893,3981.82508486643,2982.16424688026,2688.06372652251,1106.53340662006,1.81898940354586e-12,0.370106714098655,128,251.730479361577,13,"failure_probability",0,"reliability","high_intensity"
5350,3374,1976,19.8929398089279,35.8806700199374,23.0011662526722,16.1824692297897,51,51,0,213,86,-274,10763.0732108762,3775.11468145454,3113.50656415609,2743.39205449862,1131.05991076691,0,0.350746910988189,101,315.543664851014,14,"failure_probability",0,"reliability","high_intensity"
5314,3416,1898,17.3696603097336,31.0322033476332,21.2116598377418,12.9051595923773,51,51,0,222,295,-65,10716.0155053059,4431.9526213056,2490.35066332362,2627.99386953489,1165.71835114177,0,0.413582139659203,161,205.86186684247,15,"failure_probability",0,"reliability","high_intensity"
5352,3426,1926,17.3294256543087,29.0321210652738,21.1482289945318,12.9197885897493,51,51,0,217,127,-233,10735.8716254394,4055.26149756965,2831.89951858273,2691.12450255777,1157.58610672929,0,0.377730065993003,139,239.740775204876,16,"failure_probability",0,"reliability","high_intensity"
5233,3330,1903,18.1544645330048,31.9217348591001,21.5072068267878,14.0342270153437,51,51,0,209,331,-29,10753.8881200088,3967.8428219349,2932.296986119,2713.27036783456,1140.47794412031,1.81898940354586e-12,0.368968207373508,126,262.489375629439,17,"failure_probability",0,"reliability","high_intensity"
5299,3350,1949,22.1358082200582,36.5430941135796,24.7166180537231,19.0136411785401,51,51,0,219,51,-309,10762.820574702,3988,2972.67485747016,2680.28783623251,1121.8578809993,-1.81898940354586e-12,0.370534840037546,89,368.908452455575,18,"failure_probability",0,"reliability","high_intensity"
5418,3447,1971,18.7364797342194,32.2625025631708,22.5006574455184,14.4465788788842,51,51,0,214,43,-317,10741.2280319769,3821.58800094745,3002.04264140383,2775.06654773573,1142.53084188994,-1.81898940354586e-12,0.355786879262825,121,273.036067001769,19,"failure_probability",0,"reliability","high_intensity"
5276,3335,1941,17.3469108483065,31.585036484221,20.8332578856222,13.0767753176116,51,51,0,222,352,-8,10690.4699262338,4254.73201752063,2684.92069228356,2598.26687093885,1152.55034549075,1.81898940354586e-12,0.397992983178388,140,227.2587706958,20,"failure_probability",0,"reliability","high_intensity"
5132,3263,1869,20.7957406164685,35.15804240227,23.235429281593,17.6762783637849,51,51,0,208,57,-303,10753.3355304036,4282,2699.86647516434,2706.63714837007,1064.8319068692,0,0.39820202651477,109,304.969328148251,21,"failure_probability",0,"reliability","high_intensity"
5267,3296,1971,18.8842657672788,32.6241231247945,22.2080322130687,14.70451563408,51,51,0,220,120,-240,10731.8452907333,4403.26587767029,2495.64613931539,2669.40629902307,1163.52697472456,0,0.410299045353589,121,269.458771102686,22,"failure_probability",0,"reliability","high_intensity"
5351,3385,1966,18.233975091464,32.1556429650274,21.8842763856253,13.907342957132,51,51,0,223,64,-296,10769.6224584074,3950.03834624914,2900.57130116399,2757.74850396048,1161.26430703384,0,0.366775934950764,131,248.385993207015,23,"failure_probability",0,"reliability","high_intensity"
5327,3393,1934,18.5406035189387,31.2052436697661,21.4843746519993,15.0693358244627,51,51,0,220,240,-120,10759.8568880099,3910.25998906681,3020.12786677973,2725.12284494414,1104.34618721918,1.81898940354586e-12,0.363411895693907,116,289.609163235689,24,"failure_probability",0,"reliability","high_intensity"
5276,3390,1886,18.1063874758614,31.9042513437824,21.347919235741,14.2766240838801,51,51,0,212,261,-99,10750.5828470338,3925.37223329459,3017.53610590008,2679.31412250051,1128.36038533858,-1.81898940354586e-12,0.365131108624279,98,335.550690565855,25,"failure_probability",0,"reliability","high_intensity"
5106,3267,1839,16.7535260661277,26.9698174450956,20.52858615905,11.9100527393594,51,51,0,214,92,-268,10762.2609409083,4098.11178858553,2888.31288841564,2644.85856566233,1130.97769824478,0,0.380785395474686,126,262.731989327177,26,"failure_probability",0,"reliability","high_intensity"
5292,3422,1870,17.08574986003,28.630255490955,21.0491202346234,12.4976363620769,51,51,0,224,233,-127,10754.6552388722,4002.16254378888,2957.5166657234,2669.80073458504,1125.17529477487,0,0.372133039590451,135,249.662378582846,27,"failure_probability",0,"reliability","high_intensity"
5417,3461,1956,19.1121596027475,33.5563583977523,22.5157135155165,15.2666673049975,51,51,0,214,359,-1,10751.0828778579,4365.74173419394,2542.14024058673,2705.87264542303,1137.32825765422,-1.81898940354586e-12,0.406074605115851,114,291.242762807753,28,"failure_probability",0,"reliability","high_intensity"
5261,3377,1884,19.3743386339643,33.6980052455585,22.1480695852109,16.0696209010059,51,51,0,208,305,-55,10751.8336413804,3577.32405174237,3356.79567575406,2720.15351690405,1097.56039697987,1.81898940354586e-12,0.3327175783277,118,271.276561410257,29,"failure_probability",0,"reliability","high_intensity"
5130,3262,1868,19.6455614406952,33.9294812766379,22.3854798693719,16.1178684287384,51,51,0,210,360,0,10751.2630338329,4480.16857884982,2501.13617948984,2662.38570729841,1107.57256819483,0,0.4167109078023,123,269.216648477735,30,"failure_probability",0,"reliability","high_intensity"
5156,3273,1883,17.588885783395,31.4209030712241,21.2071432458736,13.3591931632411,51,49,0.0392156862745098,211,219,-141,10748.1652341322,4250.42473634822,2867.25662717212,2501.49823617582,1128.98563443599,0,0.395455842346977,119,268.107507982532,1,"failure_probability",0.05,"reliability","high_intensity"
5148,3273,1875,18.5654450368986,32.5898747024111,21.7502426825673,14.6736352865906,51,50,0.0196078431372549,214,318,-42,10743.3892796841,4037.48041067752,2921.67452672047,2647.10274280408,1137.13159948207,0,0.375810678136036,128,259.966555390416,2,"failure_probability",0.05,"reliability","high_intensity"
5326,3312,2014,22.5022781662812,41.7286459732154,24.8131107266475,19.751287022988,51,50,0.0196078431372549,215,43,-317,10732.7815347923,4268.89473800208,2637.69841767556,2726.99542468035,1099.19295443428,0,0.397743560153878,103,306.449441399085,3,"failure_probability",0.05,"reliability","high_intensity"
5265,3305,1960,22.2691698388039,36.4006859552904,25.7013888176624,18.508310995768,51,48,0.0588235294117647,230,253,-107,10760.3130299423,4616.80454523061,2386.31552213914,2673.01176874586,1084.18119382664,-1.81898940354586e-12,0.429058572216592,100,323.512134233063,4,"failure_probability",0.05,"reliability","high_intensity"
5237,3205,2032,26.841795931827,42.1329166471172,29.8245009006828,23.5062131114013,51,47,0.0784313725490196,242,358,-2,10756.3480136402,4385.4098014112,2670.73117344816,2604.69029170878,1095.51674707206,0,0.407704343133007,86,386.489305064736,5,"failure_probability",0.05,"reliability","high_intensity"
5154,3238,1916,22.4816936035855,39.3819534869301,25.0496023820508,19.4085653232511,51,49,0.0392156862745098,214,44,-316,10738.3282552324,4591.29037432908,2468.36999318608,2601.8305486907,1076.83733902653,0,0.427561000669905,99,328.773781675009,6,"failure_probability",0.05,"reliability","high_intensity"
5264,3292,1972,19.5942506414146,39.8132166503306,22.5859630635598,16.2888292440571,51,48,0.0588235294117647,219,275,-85,10755.2395607018,4392.72882522366,2629.02688080066,2623.69736161807,1109.78649305937,0,0.408426869567287,133,239.665022643407,7,"failure_probability",0.05,"reliability","high_intensity"
5240,3297,1943,18.6805894986445,32.3725032949859,22.5181669703326,14.0662678894002,51,50,0.0196078431372549,212,197,-163,10739.7321489132,4176.03206594217,2740.81915269759,2676.74906611185,1146.13186416161,-1.81898940354586e-12,0.388839498791853,134,249.396519877914,8,"failure_probability",0.05,"reliability","high_intensity"
5245,3183,2062,26.1236159544311,45.7493720387257,29.1917396773919,22.6418819911516,51,47,0.0784313725490196,222,177,-183,10757.4117280643,5113.87487528331,1932.87847581703,2581.83182257921,1128.8265543848,0,0.47538153271033,104,316.52813470992,9,"failure_probability",0.05,"reliability","high_intensity"
5404,3441,1963,18.5176575269575,32.6559567220066,21.8603342765325,14.6938852452005,51,51,0,210,246,-114,10735.3781321516,3635.60029484302,3264.23681702518,2675.5443367016,1159.99668358184,1.81898940354586e-12,0.338656007276975,126,254.988261436273,10,"failure_probability",0.05,"reliability","high_intensity"
5191,3222,1969,21.6844415654544,39.5644246655402,24.5135617060085,18.5557675276652,51,47,0.0784313725490196,214,185,-175,10748.4518365757,4139.8604077819,2935.31721696042,2553.42348363925,1119.85072819414,0,0.385158762464232,93,343.147203647616,11,"failure_probability",0.05,"reliability","high_intensity"
5172,3199,1973,23.5903904262373,43.9161095234017,26.6370381607655,20.1740235037657,51,47,0.0784313725490196,222,212,-148,10732.800520721,3893,3127.42034690988,2637.63170562847,1074.74846818261,1.81898940354586e-12,0.362719869104443,99,328.062857766285,12,"failure_probability",0.05,"reliability","high_intensity"
5147,3144,2003,24.2684636286697,45.2706091525479,27.5197561374215,20.6500897076394,51,46,0.0980392156862745,226,51,-309,10763.6397655318,4551.96027333184,2557.37455325457,2555.20828858193,1099.0966503635,0,0.422901580923256,75,408.461760055247,13,"failure_probability",0.05,"reliability","high_intensity"
5017,3010,2007,27.6315955688489,47.5181487679198,30.8841223765182,23.6536159576966,51,46,0.0980392156862745,221,141,-219,10763.1543200349,4964.88199915659,2133.57541463724,2586.95475358759,1077.74215265346,-1.81898940354586e-12,0.461285033321022,79,403.276036348091,14,"failure_probability",0.05,"reliability","high_intensity"
5106,3227,1879,17.9462414796827,32.9502769749463,21.7962673406988,13.3041050348212,51,49,0.0392156862745098,216,206,-154,10716.0155053059,4708.40119453081,2340.07489567223,2535.22078373373,1132.31863136911,-1.81898940354586e-12,0.439379841527806,157,204.141171477531,15,"failure_probability",0.05,"reliability","high_intensity"
5200,3322,1878,17.9549273790611,32.3387631000577,21.6225401331262,13.8023799476293,51,49,0.0392156862745098,220,233,-127,10735.8716254394,4171.92199468931,2822.68635116878,2635.39039729875,1105.8728822826,0,0.388596486642373,135,241.388462395287,16,"failure_probability",0.05,"reliability","high_intensity"
5270,3310,1960,19.0085417808153,31.4258646550026,22.609791766169,14.7156610035724,51,50,0.0196078431372549,213,204,-156,10754.7238383049,4346.69600115536,2614.05173492953,2621.31303401535,1172.66306820465,-1.81898940354586e-12,0.404166212587795,115,293.10902341505,17,"failure_probability",0.05,"reliability","high_intensity"
5196,3159,2037,25.8279012325673,42.5312411594405,28.2724690677054,23.0083996803834,51,47,0.0784313725490196,236,289,-71,10762.820574702,4512.9149606243,2547.28238995573,2639.68448974699,1062.93873437495,0,0.419305973680535,76,429.892666182148,18,"failure_probability",0.05,"reliability","high_intensity"
5418,3447,1971,18.7364797342194,32.2625025631708,22.5006574455184,14.4465788788842,51,51,0,214,43,-317,10741.2280319769,3821.58800094745,3002.04264140383,2775.06654773573,1142.53084188994,-1.81898940354586e-12,0.355786879262825,121,273.036067001769,19,"failure_probability",0.05,"reliability","high_intensity"
5050,3057,1993,20.639536046372,40.0237095675499,23.9158305296541,16.7669138734133,51,46,0.0980392156862745,208,58,-302,10690.4699262338,4468.98221164325,2569.58378465204,2546.4056177621,1105.49831217642,1.81898940354586e-12,0.418034215752912,125,259.595321324535,20,"failure_probability",0.05,"reliability","high_intensity"
5272,3263,2009,22.809631887619,40.1401738570443,25.3183235498817,19.9855151499058,51,48,0.0588235294117647,217,148,-212,10755.9944137163,4575.53091581446,2456.32811147199,2625.09709218565,1099.03829424421,-1.81898940354586e-12,0.425393574951994,81,389.063228183326,21,"failure_probability",0.05,"reliability","high_intensity"
5344,3332,2012,21.6941820941144,36.6375353293261,24.6134785817548,18.2641992757379,51,50,0.0196078431372549,217,338,-22,10731.8452907333,4324.64398220278,2568.20826636099,2705.8718201354,1133.12122203414,1.81898940354586e-12,0.40297300837322,110,298.851148088207,22,"failure_probability",0.05,"reliability","high_intensity"
5294,3313,1981,18.6755677177443,33.5226107483644,22.3971399997953,14.2480527754496,51,50,0.0196078431372549,221,114,-246,10769.6224584074,4066.59078744352,2860.44317514653,2695.85609020025,1146.73240561714,1.81898940354586e-12,0.377598268012532,131,254.02016982157,23,"failure_probability",0.05,"reliability","high_intensity"
5250,3335,1915,18.6043470676791,31.4106816184911,21.4984791444959,15.2105765541479,51,50,0.0196078431372549,218,246,-114,10759.8568880099,4019.37782170336,2968.74488711213,2682.65310015034,1089.08107904403,0,0.373553093088284,114,286.909598364313,24,"failure_probability",0.05,"reliability","high_intensity"
5219,3230,1989,23.9821596507211,40.1657977556209,26.418989408119,21.1786697567241,51,48,0.0588235294117647,214,296,-64,10750.7703614522,3930.8919815325,3040.38404914123,2681.37038380522,1098.12394697321,0,0.365638168184399,79,384.645366338677,25,"failure_probability",0.05,"reliability","high_intensity"
5106,3267,1839,16.7535260661277,26.9698174450956,20.52858615905,11.9100527393594,51,51,0,214,92,-268,10762.2609409083,4098.11178858553,2888.31288841564,2644.85856566233,1130.97769824478,0,0.380785395474686,126,262.731989327177,26,"failure_probability",0.05,"reliability","high_intensity"
5210,3362,1848,17.3738528443092,30.798298865496,20.8141842395985,13.4093224272025,51,50,0.0196078431372549,222,233,-127,10754.6552388722,4075.98329784033,2936.12721581715,2609.92169250564,1132.62303270908,-1.81898940354586e-12,0.378997114022575,125,260.521177252048,27,"failure_probability",0.05,"reliability","high_intensity"
5274,3292,1982,20.2838593104731,38.4646169932746,23.5259851763559,16.701766282183,51,48,0.0588235294117647,214,184,-176,10751.0828778579,4497.32689550261,2538.28440243063,2614.63915710877,1100.83242281591,0,0.41831385234365,109,307.303892457642,28,"failure_probability",0.05,"reliability","high_intensity"
5173,3150,2023,25.1352874124093,40.6274513361255,27.3824598276456,22.6444456991353,51,46,0.0980392156862745,231,197,-163,10752.1298685032,4493.4286089968,2572.0493387645,2613.56957844542,1073.08234229648,0,0.417910559484558,82,371.559660182011,29,"failure_probability",0.05,"reliability","high_intensity"
5123,3117,2006,21.403479285472,40.6176573437496,23.8720683701242,18.3324051758399,51,48,0.0588235294117647,220,331,-29,10751.2630338329,4625.62243190505,2383.44769284136,2641.46568150519,1100.72722758131,0,0.430239909241248,117,269.68869241277,30,"failure_probability",0.05,"reliability","high_intensity"
5237,3264,1973,21.3988957587231,38.3911016011107,24.7563237620287,17.6217892550044,51,48,0.0588235294117647,214,325,-35,10751.094990422,4464.8062802081,2571.65747120687,2576.12313063806,1138.50810836896,0,0.415288515652196,102,323.441688674523,1,"failure_probability",0.1,"reliability","high_intensity"
5095,3182,1913,20.3368927779491,39.814524033317,23.0265917702331,17.1403316646983,51,48,0.0588235294117647,209,141,-219,10743.3892796841,4483.20790568753,2594.50284442205,2560.36266828419,1105.31586129039,0,0.417299214333164,121,272.634017044827,2,"failure_probability",0.1,"reliability","high_intensity"
5124,3162,1962,23.211601968304,41.1859641114242,25.7684443775034,20.1305533747917,51,48,0.0588235294117647,222,261,-99,10732.7815347923,4758.12624010056,2306.17930347576,2585.95745791713,1082.51853329881,0,0.443326478292345,96,328.691856179258,3,"failure_probability",0.1,"reliability","high_intensity"
5111,2968,2143,31.0159820166513,52.5325100303755,33.748365968134,27.7940960944183,51,45,0.117647058823529,217,190,-170,10760.3130299423,4894,2171.83446932311,2600.57092884665,1093.90763177249,-1.81898940354586e-12,0.454819482145332,82,376.89697449252,4,"failure_probability",0.1,"reliability","high_intensity"
5092,3007,2085,30.9911326611006,53.0665453297933,33.2606550377848,28.4648336838217,51,44,0.137254901960784,217,221,-139,10756.3480136402,4300.21830600978,2849.09681441805,2504.82813097055,1102.20476224182,0,0.399784229792179,74,424.05600555769,5,"failure_probability",0.1,"reliability","high_intensity"
5086,3128,1958,26.0221509756737,44.5339576064954,29.0085139009815,22.5034002308123,51,47,0.0784313725490196,210,283,-77,10738.5034037175,4626.79072112045,2545.19139494838,2494.88477078412,1071.63651686455,0,0.430859920342227,81,394.483396863036,6,"failure_probability",0.1,"reliability","high_intensity"
4896,2942,1954,27.5088656561438,51.3231728981092,30.5381415749304,24.144935152355,51,43,0.156862745098039,213,247,-113,10760.1021716166,4951.34707008026,2272.25435833078,2504.3022137662,1032.19852943935,-1.81898940354586e-12,0.460157997675999,80,404.235122576082,7,"failure_probability",0.1,"reliability","high_intensity"
5337,3296,2041,20.3753478989513,37.8158355921695,23.2313143367898,17.2279563143946,51,48,0.0588235294117647,222,197,-163,10739.7321489132,4008.07822039705,2970.97682446854,2593.24923535312,1167.42786869451,0,0.37320094810769,118,274.876546231356,8,"failure_probability",0.1,"reliability","high_intensity"
5096,3002,2094,27.4379114573864,47.9596159497285,29.9037030259949,24.8127083293218,51,43,0.156862745098039,218,275,-85,10758.619874739,4318.20491886897,2871.68709568852,2497.91283011129,1070.81503007027,0,0.401371641450777,68,453.605438678644,9,"failure_probability",0.1,"reliability","high_intensity"
5230,3141,2089,23.4342108233834,44.3280582494761,26.3161227639286,20.2368175891451,51,46,0.0980392156862745,214,297,-63,10735.3781321516,3829,3190.21465440388,2566.66400501034,1149.49947273742,-1.81898940354586e-12,0.356671181290991,106,305.844845999143,10,"failure_probability",0.1,"reliability","high_intensity"
4910,2938,1972,29.4773327076026,48.68177999928,32.2904113851851,26.1864046239316,51,44,0.137254901960784,216,114,-246,10750.0736921459,5299.35964438849,1915.48888625384,2522.78336356042,1012.44179794312,0,0.492960308566095,72,450.783812239424,11,"failure_probability",0.1,"reliability","high_intensity"
5024,3043,1981,25.751658147214,47.6925887565931,28.5415490237535,22.7227430351931,51,44,0.137254901960784,206,170,-190,10732.800520721,4375.17540983128,2879.51542464169,2450.51608985505,1027.59359639293,0,0.407645274072176,99,310.541606337006,12,"failure_probability",0.1,"reliability","high_intensity"
5129,3139,1990,25.2236207080678,43.6233756406879,28.2334866632822,21.8626375510651,51,46,0.0980392156862745,218,339,-21,10763.6647039162,4267.00435341534,2846.08375301963,2575.20955937595,1075.36703810527,0,0.396426725542915,75,436.068841511698,13,"failure_probability",0.1,"reliability","high_intensity"
5138,3113,2025,27.1654702830327,48.245224136276,29.2445735153755,24.6898596784416,51,47,0.0784313725490196,220,267,-93,10763.8667858992,4321.45305759853,2713.83361487808,2658.9883972881,1069.59171613447,1.81898940354586e-12,0.401477753632152,71,452.719717965512,14,"failure_probability",0.1,"reliability","high_intensity"
4989,3117,1872,19.924957001734,39.6608298000376,23.4496716615393,15.7398221214598,51,47,0.0784313725490196,222,309,-51,10716.0155053059,4761.20802242096,2323.97464591606,2538.96754357309,1091.86529339577,-1.81898940354586e-12,0.444307683211499,151,221.4556527201,15,"failure_probability",0.1,"reliability","high_intensity"
5154,3113,2041,23.2838175154067,39.4054512006975,26.3881924061453,19.5874049079967,51,47,0.0784313725490196,215,296,-64,10740.0610197036,4468.67460568871,2487.84229463326,2623.71809417567,1159.82602520597,-1.81898940354586e-12,0.416075346079554,77,410.631450407336,16,"failure_probability",0.1,"reliability","high_intensity"
4901,2931,1970,27.5613370419692,47.0173579309368,30.4599327714084,24.4727699222285,51,42,0.176470588235294,224,92,-268,10754.8539415008,4877.32365247048,2447.14326175887,2403.38951299815,1026.99751427333,-1.81898940354586e-12,0.453499757318866,72,437.525517141376,17,"failure_probability",0.1,"reliability","high_intensity"
5079,2959,2120,35.0065310238443,63.3699766267958,37.4854577988421,32.4162495561202,51,42,0.176470588235294,233,351,-9,10762.820574702,4836.16286424987,2341.9533095036,2522.77904639477,1061.92535455373,0,0.449339727507609,73,444.335715058141,18,"failure_probability",0.1,"reliability","high_intensity"
5007,2988,2019,29.2324489902535,55.7922946201252,31.004866336627,27.327100342902,51,43,0.156862745098039,231,339,-21,10742.5830200388,5064.18075284616,2051.46309234206,2595.54827410058,1031.39090074998,1.81898940354586e-12,0.471411833020014,87,363.430865547142,19,"failure_probability",0.1,"reliability","high_intensity"
5050,3057,1993,20.639536046372,40.0237095675499,23.9158305296541,16.7669138734133,51,46,0.0980392156862745,208,58,-302,10690.4699262338,4468.98221164325,2569.58378465204,2546.4056177621,1105.49831217642,1.81898940354586e-12,0.418034215752912,125,259.595321324535,20,"failure_probability",0.1,"reliability","high_intensity"
5247,3223,2024,23.3128241121241,40.8444929568514,25.9317462483844,20.4184960555908,51,47,0.0784313725490196,222,352,-8,10755.9944137163,4603.63243096535,2431.95272870751,2624.0233983617,1096.38585568174,0,0.428006212525983,82,400.42183207069,21,"failure_probability",0.1,"reliability","high_intensity"
5219,3190,2029,23.2414506595423,44.9402789897635,25.9429281753199,20.1901155749658,51,47,0.0784313725490196,212,113,-247,10731.8452907333,4484.37555924973,2521.168086552,2615.13754348021,1111.16410145138,1.81898940354586e-12,0.417856895786774,107,313.688750137596,22,"failure_probability",0.1,"reliability","high_intensity"
5033,2981,2052,27.576965886359,50.9699082291922,30.535785806643,24.3806970541193,51,43,0.156862745098039,209,72,-288,10772.9823440739,4535.829617551,2718.9236107771,2494.81379292758,1023.41532281822,0,0.421037505927605,68,468.982519448217,23,"failure_probability",0.1,"reliability","high_intensity"
5234,3201,2033,22.9170068827,37.0484453467712,26.0117655062782,19.4469395592446,51,47,0.0784313725490196,218,247,-113,10761.3207311942,4195.66924719664,2814.43169184178,2627.15103489564,1124.06875726016,1.81898940354586e-12,0.389884230012261,73,450.688448844694,24,"failure_probability",0.1,"reliability","high_intensity"
5025,3016,2009,26.9894192819576,49.3417365545246,28.9872041051553,24.7912994904169,51,44,0.137254901960784,213,305,-55,10750.7703614522,4149,2998.01443564564,2557.03504121254,1046.72088459397,0,0.385925832336314,74,426.814049567687,25,"failure_probability",0.1,"reliability","high_intensity"
5063,3149,1914,19.1981391195862,34.099398483525,22.5861244150467,15.0781964098354,51,48,0.0588235294117647,216,282,-78,10762.2609409083,4412.82933598455,2650.53180908034,2573.34754517781,1125.55225066557,0,0.410028093558948,113,282.132288309133,26,"failure_probability",0.1,"reliability","high_intensity"
5061,3046,2015,26.4713450907792,48.3457018012832,29.1189057439033,23.4635973642287,51,45,0.117647058823529,208,156,-204,10754.7690518544,4267.34783274654,2857.65222181396,2565.66990383288,1064.09909346101,0,0.396786561586903,90,375.042854848105,27,"failure_probability",0.1,"reliability","high_intensity"
5274,3225,2049,23.5850650504501,44.1587360759429,25.6485711303391,21.5022738670107,51,45,0.117647058823529,230,288,-72,10751.0828778579,4369.36930555894,2787.76645543961,2534.2325621665,1059.71455469288,0,0.406412019626204,92,329.141416770445,28,"failure_probability",0.1,"reliability","high_intensity"
4974,2963,2011,29.3058014743106,53.2980702608487,30.6933399650783,27.8599309036416,51,42,0.176470588235294,219,198,-162,10752.1298685032,4336.53307538629,2932.74266207569,2448.94070703236,1033.91342400885,0,0.403318517207417,78,397.413703475442,29,"failure_probability",0.1,"reliability","high_intensity"
5010,2989,2021,29.6739539749995,49.9905155578281,31.53235501831,27.4748234489489,51,45,0.117647058823529,221,177,-183,10751.6336861198,4483.08693609502,2595.01461873952,2585.99414146377,1087.53798982151,0,0.416967975934914,76,422.947211471366,30,"failure_probability",0.1,"reliability","high_intensity"
5075,3041,2034,24.842116864746,47.9054192746704,28.051743373047,21.352721951123,51,44,0.137254901960784,209,344,-16,10751.094990422,4693.28985053912,2495.62088582519,2491.27316853848,1070.9110855192,0,0.436540636532401,96,333.596522926678,1,"failure_probability",0.15,"reliability","high_intensity"
4963,2852,2111,30.7811741301585,54.3690372085595,32.6755444517285,28.7491315468465,51,41,0.196078431372549,209,171,-189,10746.6928439706,4343.87944825239,2860.48219929405,2492.73499782628,1049.59619859789,0,0.404206160101571,59,530.746691755924,2,"failure_probability",0.15,"reliability","high_intensity"
5124,3162,1962,23.211601968304,41.1859641114242,25.7684443775034,20.1305533747917,51,48,0.0588235294117647,222,261,-99,10732.7815347923,4758.12624010056,2306.17930347576,2585.95745791713,1082.51853329881,0,0.443326478292345,96,328.691856179258,3,"failure_probability",0.15,"reliability","high_intensity"
5057,3055,2002,29.4849670022239,50.0183752175463,31.8765475044792,26.7850642749392,51,45,0.117647058823529,207,233,-127,10760.3130299423,4320.00226256608,2831.89454750688,2543.84325788032,1064.57296198897,0,0.401475519396601,85,377.23708982669,4,"failure_probability",0.15,"reliability","high_intensity"
4961,2937,2024,30.601413824738,51.6168699088072,33.3469572023268,27.5415857840558,51,43,0.156862745098039,233,309,-51,10756.3480136402,4563.74478341129,2671.7366079851,2449.94838489484,1070.91823734897,0,0.424283853369561,75,434.731188570959,5,"failure_probability",0.15,"reliability","high_intensity"
4898,2878,2020,31.0044185357579,54.9847442498597,33.6007434341963,28.1305947828744,51,42,0.176470588235294,209,190,-170,10738.5034037175,5257.26316460429,2120.80465572777,2341.27968131844,1019.155902067,0,0.489571308678294,70,436.623957443193,6,"failure_probability",0.15,"reliability","high_intensity"
5041,3012,2029,28.0071326784139,50.6095346765902,30.7671504385135,24.9659128297069,51,44,0.137254901960784,212,163,-197,10760.1021716166,4812,2347.72038956735,2533.95662112016,1066.42516092908,0,0.447207649449025,77,393.167462905877,7,"failure_probability",0.15,"reliability","high_intensity"
5015,2988,2027,23.6773689278772,44.6415940884485,26.1812423175911,20.8524861292256,51,44,0.137254901960784,205,184,-176,10739.7321489132,4947.11902726147,2273.14661645599,2453.53350765947,1065.93299753629,0,0.460637095848064,97,308.2165436566,8,"failure_probability",0.15,"reliability","high_intensity"
5137,3082,2055,29.7663157614265,52.268810098674,31.9398369338749,27.4680129996385,51,44,0.137254901960784,204,316,-44,10758.619874739,4585.98627734755,2592.56907876846,2478.06089861066,1102.00362001237,0,0.426261577297226,67,465.583341056125,9,"failure_probability",0.15,"reliability","high_intensity"
5042,2979,2063,23.8331035858489,47.2692065429741,26.4239392315093,21.0304386106692,51,43,0.156862745098039,228,310,-50,10735.3781321516,4313.23940208313,2873.11936342134,2458.70604541646,1090.3133212307,0,0.401778060259034,103,299.452634658589,10,"failure_probability",0.15,"reliability","high_intensity"
4885,2905,1980,30.7072327010775,56.5507745464617,32.9948758738062,28.2241627246484,51,42,0.176470588235294,226,233,-127,10751.6967453324,5038.68865267015,2219.27619169379,2485.55165110702,1008.18024986143,1.81898940354586e-12,0.468641254679879,64,495.472345797792,11,"failure_probability",0.15,"reliability","high_intensity"
5076,3017,2059,28.3416044782681,53.4212688382338,31.0002679843944,25.5399631525475,51,43,0.156862745098039,203,170,-190,10732.800520721,4155.04364344261,3021.08331436017,2498.49476146013,1058.17880145805,0,0.387135085145839,94,327.189644621856,12,"failure_probability",0.15,"reliability","high_intensity"
5303,3298,2005,24.2253437357501,40.3429544643487,27.3696735700685,21.0542047554631,51,46,0.0980392156862745,232,324,-36,10763.6647039162,4572.0138395703,2473.81728051319,2612.90788966751,1104.92569416519,0,0.424763680896419,78,417.554937710613,13,"failure_probability",0.15,"reliability","high_intensity"
4797,2788,2009,26.4627218129746,50.8516367541039,28.5953077750631,23.9357077262364,51,42,0.176470588235294,219,267,-93,10763.8667858992,4938.62854961947,2486.26168887061,2407.48907412267,931.487473286432,0,0.458815465469077,67,436.833860041349,14,"failure_probability",0.15,"reliability","high_intensity"
4927,3042,1885,26.5291582133603,48.3996387066912,29.028374290319,23.5430818616694,51,46,0.0980392156862745,209,127,-233,10717.7109377124,4307.31178504447,2808.23842979258,2582.7188836996,1019.44183917575,0,0.40188728825372,95,328.614020755607,15,"failure_probability",0.15,"reliability","high_intensity"
4963,2817,2146,38.4580459810989,62.317380747784,41.2472336412892,35.6866238474066,51,39,0.235294117647059,222,226,-134,10740.0678620541,4817.22082951412,2479.93326209631,2371.16111468266,1071.75265576103,1.81898940354586e-12,0.448527969411991,54,585.090004134562,16,"failure_probability",0.15,"reliability","high_intensity"
4957,2915,2042,32.6476031086737,58.4810769369517,35.7284750128957,29.4875149011465,51,41,0.196078431372549,217,92,-268,10754.8539415008,5004.86446043911,2343.78337220332,2401.86033465274,1004.34577420566,0,0.465358663879789,69,481.510126951888,17,"failure_probability",0.15,"reliability","high_intensity"
4786,2747,2039,34.2570484994815,63.647118388339,36.5081843974163,31.8234341613354,51,40,0.215686274509804,211,191,-169,10762.820574702,5016,2395.25622138054,2359.89084166958,991.673511651846,0,0.466048835914827,65,477.478237077546,18,"failure_probability",0.15,"reliability","high_intensity"
5039,3006,2033,30.1847307627744,51.8998898848709,32.620297756661,27.4716941113563,51,44,0.137254901960784,209,331,-29,10742.5830200388,4425.47231208578,2697.34651240271,2579.59778228787,1040.16641326242,0,0.411956072746255,79,406.041092328398,19,"failure_probability",0.15,"reliability","high_intensity"
4965,3012,1953,21.3729564348654,39.0747758618749,24.1618833929524,18.2793567838782,51,44,0.137254901960784,210,205,-155,10690.4699262338,4860.1590756856,2386.53579896978,2422.16037758673,1021.61467399169,1.81898940354586e-12,0.454625391514273,122,251.4468169915,20,"failure_probability",0.15,"reliability","high_intensity"
4988,2900,2088,29.328999655519,47.7106109651254,32.0076173593471,26.411081811003,51,42,0.176470588235294,217,212,-148,10755.9944137163,4823.77898030803,2383.59743440626,2471.54321706657,1077.07478193543,0,0.448473548308712,65,464.131282474397,21,"failure_probability",0.15,"reliability","high_intensity"
4985,3046,1939,23.2634889153732,47.6918316533548,25.9441692280486,20.2181157691361,51,45,0.117647058823529,217,113,-247,10731.8452907333,4823,2398.88653173648,2463.33901969427,1046.61973930257,1.81898940354586e-12,0.449410131188207,104,304.736548756287,22,"failure_probability",0.15,"reliability","high_intensity"
4878,2766,2112,35.1644435624847,63.4296610794612,37.6359546215583,32.745969221417,51,38,0.254901960784314,235,178,-182,10773.0510313234,4984.14855159159,2433.17258476878,2346.50174087544,1009.22815408763,-1.81898940354586e-12,0.462649674367995,48,665.062152564735,23,"failure_probability",0.15,"reliability","high_intensity"
4933,2772,2161,41.8810940458891,64.7906461690647,44.1192821834072,39.5840062205416,51,39,0.235294117647059,213,92,-268,10761.3518825405,5116.09801611332,2180.59181735638,2423.91321065613,1040.74883841469,1.81898940354586e-12,0.475414062466799,35,893.52210539869,24,"failure_probability",0.15,"reliability","high_intensity"
4816,2845,1971,29.2500206969368,53.755682071365,31.8571562469459,26.2927896754712,51,42,0.176470588235294,205,169,-191,10750.7703614522,4576.56511930952,2726.77413429236,2451.17328235239,996.257825497876,0,0.425696481781362,75,440.299507860225,25,"failure_probability",0.15,"reliability","high_intensity"
5045,3076,1969,25.8211742310607,46.9571656254108,28.3617254895004,23.0091668107603,51,45,0.117647058823529,214,211,-149,10762.35902822,4856,2358.98755901401,2507.08993673984,1040.28153246612,-1.81898940354586e-12,0.451202193428698,92,355.854577269862,26,"failure_probability",0.15,"reliability","high_intensity"
5124,3102,2022,28.0706113587075,47.616053449821,30.7553481623112,25.1358788203553,51,45,0.117647058823529,208,281,-79,10754.7690518544,4686.35760614596,2439.68673978563,2564.32846985943,1064.39623606337,0,0.435746930831389,90,349.558082141945,27,"failure_probability",0.15,"reliability","high_intensity"
5194,3108,2086,26.989730061495,50.1101162189666,30.2038233926482,23.6490976228162,51,44,0.137254901960784,233,247,-113,10751.0828778579,4470.65083130907,2637.23380470469,2564.80792350266,1078.3903183415,0,0.415832607942821,93,348.450878040494,28,"failure_probability",0.15,"reliability","high_intensity"
5142,2993,2149,28.4659665986317,48.9853059059949,30.6185731179465,26.159921690743,51,43,0.156862745098039,219,135,-225,10752.1298685032,4358.43870436234,2727.12253643058,2566.9736935042,1099.59493420607,-1.81898940354586e-12,0.405355846484868,84,383.275137754273,29,"failure_probability",0.15,"reliability","high_intensity"
4983,2936,2047,30.2572023028116,53.6574120853327,32.0111780415485,28.2022484787294,51,44,0.137254901960784,233,177,-183,10751.6336861198,4569.55632916564,2566.57565235598,2542.96382590261,1072.5378786956,0,0.425010418190201,74,407.541841129978,30,"failure_probability",0.15,"reliability","high_intensity"
4631,2490,2141,42.8982925494774,77.5700003118182,44.9961581028361,40.8700244315383,51,34,0.333333333333333,212,310,-50,10755.6731647533,5210.97675003411,2320.7050056504,2226.55927304169,997.432136027066,0,0.484486342250588,56,586.432325804104,1,"failure_probability",0.25,"reliability","high_intensity"
4580,2485,2095,42.9238463650249,77.590133353251,44.7305551424248,41.3624596346688,51,32,0.372549019607843,211,162,-198,10746.6928439706,5367.03300987102,2253.30211199519,2157.20264035379,969.155081750616,0,0.499412525117639,49,594.461398613395,2,"failure_probability",0.25,"reliability","high_intensity"
5098,2999,2099,30.549818858736,52.5158258347208,32.4043226128665,28.5713406978856,51,43,0.156862745098039,217,127,-233,10733.4117494016,4372.10632325847,2824.90363313058,2439.20373286985,1097.19806014274,0,0.407336122505707,66,473.048389679733,3,"failure_probability",0.25,"reliability","high_intensity"
4601,2602,1999,31.7898283043713,61.7050968496104,33.7672673503276,29.7158528640455,51,37,0.274509803921569,236,274,-86,10760.3130299423,5634.10514659871,2009.73386955133,2198.8676679934,917.606345798804,0,0.523600487357657,79,362.025341072341,4,"failure_probability",0.25,"reliability","high_intensity"
4784,2597,2187,44.995898045381,74.3063340784418,46.7985477891355,43.2001762406878,51,36,0.294117647058824,222,332,-28,10756.3480136402,5174.73950734607,2299.55548792167,2301.23824015276,980.814778219706,-1.81898940354586e-12,0.481087028867414,60,508.371157023754,5,"failure_probability",0.25,"reliability","high_intensity"
4884,2833,2051,34.6383775145309,64.9855893282752,36.4981858123153,32.8111061008926,51,39,0.235294117647059,226,312,-48,10738.5034037175,5021.63096276192,2356.45087720303,2364.79880741233,995.622756340217,1.81898940354586e-12,0.467628567405726,66,450.950241504513,6,"failure_probability",0.25,"reliability","high_intensity"
4515,2497,2018,34.9485967088386,66.4369242097887,37.3308948809155,32.522003582875,51,35,0.313725490196078,209,150,-210,10760.1684399425,5394.03317486131,2298.86716959552,2154.06105455212,913.207040933508,0,0.501296350978885,61,447.843831180456,7,"failure_probability",0.25,"reliability","high_intensity"
4819,2679,2140,33.2671016710962,67.4199491076307,34.6017426969237,31.8744327745805,51,38,0.254901960784314,255,219,-141,10739.7321489132,5326.24207925695,2055.30879506047,2352.36040163987,1005.82087295593,0,0.495938074190791,88,340.527881947663,8,"failure_probability",0.25,"reliability","high_intensity"
4841,2737,2104,36.2439199310492,71.9628773057501,39.0740311122756,33.4528306021038,51,38,0.254901960784314,225,74,-286,10759.9547561865,5167,2270.73171082971,2366.86878323057,955.354262126253,0,0.480206480146135,58,543.569470029649,9,"failure_probability",0.25,"reliability","high_intensity"
4895,2870,2025,34.0888887233594,59.6215471243637,36.3738112263666,31.6695590142929,51,41,0.196078431372549,219,289,-71,10736.7121778621,4930.43227897831,2407.43485647326,2367.83321868032,1031.01182373025,0,0.45921248491175,68,457.962025669986,10,"failure_probability",0.25,"reliability","high_intensity"
4730,2704,2026,28.0142292633266,56.0012791685621,30.246060589715,25.7289408991804,51,38,0.254901960784314,231,225,-135,10752.1556874594,5122.84679292362,2374.50583914558,2280.69075478957,974.112300600624,1.81898940354586e-12,0.476448345972015,76,421.367577994148,11,"failure_probability",0.25,"reliability","high_intensity"
4635,2489,2146,34.2188881398291,74.6410581873129,35.092351862073,33.3737343089781,51,34,0.333333333333333,209,50,-310,10732.800520721,5534.56477577683,2008.5795775269,2229.59268214395,960.063485273281,0,0.515668279224205,82,361.932445459769,12,"failure_probability",0.25,"reliability","high_intensity"
5002,2949,2053,30.0865938906996,50.3007721654528,32.943468835051,27.0806127383967,51,42,0.176470588235294,207,128,-232,10763.6647039162,4847.72710197417,2409.20648389052,2457.26353490159,1049.4675831499,0,0.450378865871807,59,521.250952631273,13,"failure_probability",0.25,"reliability","high_intensity"
4414,2350,2064,37.504632928275,80.1618140676086,39.173706024167,35.7982139627676,51,33,0.352941176470588,212,73,-287,10763.8667858992,5682.23334808104,2077.07310468918,2105.87880973955,898.681523389408,0,0.527898891829919,58,504.597301895971,14,"failure_probability",0.25,"reliability","high_intensity"
4666,2781,1885,28.5046207806167,57.6511465633463,30.5493265004974,26.1919881043379,51,41,0.196078431372549,207,170,-190,10717.7109377124,4942.46693199396,2392.20840741803,2417.89265044858,965.142947851832,-1.81898940354586e-12,0.46114948991607,89,331.066381820809,15,"failure_probability",0.25,"reliability","high_intensity"
4558,2506,2052,46.2026715162912,79.6827406720371,50.1958178604399,42.1646583592869,51,35,0.313725490196078,211,253,-107,10740.0678620541,5455.3632237016,2092.82751494664,2231.42091609657,960.456207309312,0,0.507944949116757,46,662.854697718507,16,"failure_probability",0.25,"reliability","high_intensity"
5009,2834,2175,30.8857357966471,57.2921713475535,33.1258344540932,28.5717170974202,51,40,0.215686274509804,213,324,-36,10757.7780355047,5052.28462572537,2237.07595778988,2390.29838811081,1078.11906387862,-1.81898940354586e-12,0.469640162592214,53,540.97755183929,17,"failure_probability",0.25,"reliability","high_intensity"
5000,2856,2144,38.3603073962699,66.9213570646992,40.9685004998129,35.8489132120336,51,39,0.235294117647059,228,346,-14,10763.1583609621,5014,2266.25913722315,2425.01685079565,1057.88237294334,-1.81898940354586e-12,0.465848390578896,57,564.937261927309,18,"failure_probability",0.25,"reliability","high_intensity"
4945,2820,2125,32.5119673524917,59.9644487001382,34.8896642734151,30.0308923045715,51,40,0.215686274509804,206,148,-212,10743.0260348162,4967.79080517396,2280.48394064898,2439.87876071178,1054.87252828144,-1.81898940354586e-12,0.462420065731412,73,445.384528499517,19,"failure_probability",0.25,"reliability","high_intensity"
4935,2914,2021,22.8235451142361,46.0554295258592,25.3449335395658,19.966217674697,51,43,0.156862745098039,216,93,-267,10690.4699262338,4966.54642810548,2259.89264609109,2432.89074760817,1031.14010442907,1.81898940354586e-12,0.464576998240074,116,260.051846102691,20,"failure_probability",0.25,"reliability","high_intensity"
4433,2358,2075,49.5098638839851,86.9028559127366,52.47280118475,46.5013429324391,51,33,0.352941176470588,220,150,-210,10755.9944137163,5586.51787518153,2120.04289492125,2156.77110618022,892.662537433302,0,0.519386461195765,43,659.793517232776,21,"failure_probability",0.25,"reliability","high_intensity"
4886,2760,2126,37.1134552100806,64.289387622984,39.6508062836894,34.4862863993528,51,39,0.235294117647059,202,282,-78,10731.8776292677,4947.14778651739,2406.72511051738,2346.60791978515,1031.39681244779,1.81898940354586e-12,0.460976909858313,78,414.211053742067,22,"failure_probability",0.25,"reliability","high_intensity"
4613,2424,2189,49.7789515580555,85.8721862688281,52.940331330636,46.7403438154781,51,33,0.352941176470588,223,274,-86,10773.0510313234,5510.70671983195,2162.10257727591,2164.35503650245,935.886697713139,0,0.511527022735635,37,852.386736178387,23,"failure_probability",0.25,"reliability","high_intensity"
4794,2635,2159,46.6088287790973,72.5995625321396,48.9990971254326,44.2953203572522,51,36,0.294117647058824,237,282,-78,10761.3518825405,5390.99630400575,2057.98132903268,2307.47374707212,1004.90050242997,0,0.500959021027111,33,982.423339915943,24,"failure_probability",0.25,"reliability","high_intensity"
5039,2978,2061,30.0186645765798,53.9698176240869,32.2885250274004,27.6775806736872,51,42,0.176470588235294,217,197,-163,10750.7703614522,4211.55234466216,2993.19653100946,2479.18875914736,1066.83272663316,0,0.391744238139721,71,452.876787843465,25,"failure_probability",0.25,"reliability","high_intensity"
4881,2760,2121,33.0397563816974,73.3240635765412,34.2955107013815,31.7395505816705,51,39,0.235294117647059,220,228,-132,10762.35902822,5043.23319120971,2271.09521757038,2396.68271857949,1051.34790086039,0,0.46859923349387,82,386.468099066591,26,"failure_probability",0.25,"reliability","high_intensity"
4789,2760,2029,32.3156895293795,60.4725367339659,34.7095492894313,29.8370913707418,51,39,0.235294117647059,216,253,-107,10754.7690518544,5580.99019063686,1908.74853096214,2299.83067080946,965.199659445933,-1.81898940354586e-12,0.518931663128048,76,410.058702884424,27,"failure_probability",0.25,"reliability","high_intensity"
5150,3158,1992,25.4247908939789,46.4033656538372,28.0182011109179,22.6931104314034,51,45,0.117647058823529,222,191,-169,10751.1309751885,4414.87166826302,2742.89387755312,2524.45497900577,1068.91045036654,0,0.410642534115871,81,384.431918654262,28,"failure_probability",0.25,"reliability","high_intensity"
4957,2874,2083,36.9909871442434,61.7275676359174,38.7724581170354,35.2020623180088,51,40,0.215686274509804,223,204,-156,10752.1298685032,4397.19656384258,2906.54190304124,2405.07348492605,1043.31791669334,0,0.408960514578933,73,429.207062434885,29,"failure_probability",0.25,"reliability","high_intensity"
4660,2655,2005,37.2713622808985,75.0945120889424,39.0473513685536,35.3835976562581,51,38,0.254901960784314,229,240,-120,10751.6336861198,5557.48107237843,1893.61186130106,2307.53653141614,993.004221024203,0,0.516896430312078,76,423.127014906426,30,"failure_probability",0.25,"reliability","high_intensity"
4166,2046,2120,49.681496251502,90.2410257405166,52.3536990732597,47.4281792774793,51,26,0.490196078431373,191,212,-148,10764.1463286229,6413.99636285273,1617.40672542978,1896.85038245569,835.892857884691,0,0.595866701086858,37,716.307812947048,1,"failure_probability",0.4,"reliability","high_intensity"
4315,2054,2261,59.9076895336491,94.6229882285369,61.6037689502446,58.4877160685925,51,26,0.490196078431373,222,151,-209,10746.6928439706,6142.96755995852,1772.53629903726,1966.75345292714,864.435532047691,0,0.571614695715901,30,931.825341604532,2,"failure_probability",0.4,"reliability","high_intensity"
4537,2394,2143,40.4878738370436,85.6271644474125,41.2437119836677,39.7868065706097,51,32,0.372549019607843,209,180,-180,10733.4117494016,5444.16432223991,2281.51195042715,2088.76349067893,918.971986055649,0,0.507216572823959,65,509.275790354552,3,"failure_probability",0.4,"reliability","high_intensity"
4194,2074,2120,56.6839516989971,99.8108642797256,60.0276501921341,53.93377437951,51,26,0.490196078431373,203,249,-111,10760.3137351341,6085.29511743766,1967.39443552214,1893.40766115822,814.216521016035,0,0.565531383863674,55,455.912426676463,4,"failure_probability",0.4,"reliability","high_intensity"
4725,2537,2188,37.6749121139255,73.5370891565452,38.5934612179078,36.7685911499336,51,35,0.313725490196078,201,72,-288,10756.9859326345,5431.87693827101,2041.77812436277,2245.16896278387,1038.1619072169,0,0.5049627258312,59,509.378364719183,5,"failure_probability",0.4,"reliability","high_intensity"
4580,2388,2192,45.8714783951289,96.5604856146366,45.8688097296839,45.8741203739195,51,33,0.352941176470588,221,127,-233,10738.7557566615,5478.59488460315,2084.80769351664,2219.24693042908,956.106248112627,0,0.510170359466892,57,543.220906642502,6,"failure_probability",0.4,"reliability","high_intensity"
4807,2623,2184,41.4201802311164,78.3322141264523,43.0601293255129,39.7281490973161,51,37,0.274509803921569,216,351,-9,10760.1684399425,5205.36824562844,2135.45216593074,2381.68800047014,1037.66002791313,1.81898940354586e-12,0.483762710099014,57,536.590272847999,7,"failure_probability",0.4,"reliability","high_intensity"
4591,2456,2135,45.4604249284203,84.7961215031527,46.4856096354079,44.5547402793024,51,32,0.372549019607843,211,345,-15,10739.7934629874,5658.64124484557,1976.83408481466,2164.46551108575,939.852622241456,0,0.526885481024095,71,459.92268141748,8,"failure_probability",0.4,"reliability","high_intensity"
4691,2507,2184,45.4255620416856,77.55300808141,47.9630484190264,43.1400928860518,51,33,0.352941176470588,209,198,-162,10759.9547561865,5465.38369833583,2021.41053322582,2271.88919892868,1001.27132569622,1.81898940354586e-12,0.507937423732516,48,630.961906655437,9,"failure_probability",0.4,"reliability","high_intensity"
4508,2351,2157,41.8725549878701,74.7790484946388,44.4525348610095,39.3937086043366,51,32,0.372549019607843,200,289,-71,10736.7521095674,5591.32609041204,2130.04702891373,2109.03487810796,906.344112133689,0,0.520765128351027,53,525.597638344804,10,"failure_probability",0.4,"reliability","high_intensity"
4250,2074,2176,53.8192688195042,110.809903034365,52.1918101587294,55.1578464174701,51,26,0.490196078431373,202,122,-238,10752.3500664291,5797.76119794525,2146.77057494825,1959.86220492496,847.956088610681,0,0.539208746192792,37,829.115533849798,11,"failure_probability",0.4,"reliability","high_intensity"
4377,2359,2018,36.7216849223213,62.4788861358948,39.9321395487839,33.6575227601962,51,32,0.372549019607843,219,212,-148,10734.9067798513,5718.17085242923,2135.69341369976,2007.19048888555,873.852024836723,-1.81898940354586e-12,0.532670750635848,54,496.62955630865,12,"failure_probability",0.4,"reliability","high_intensity"
4307,2184,2123,51.0636398282984,94.9936066082426,53.2418869439094,49.1965708720604,51,28,0.450980392156863,213,194,-166,10763.7040139192,6057.33220432939,1872.90547031628,1976.77632487877,856.690014394798,1.81898940354586e-12,0.56275536715765,37,691.637225643269,13,"failure_probability",0.4,"reliability","high_intensity"
4755,2639,2116,41.6747755629207,70.0494838456773,43.5374037224148,39.877332454429,51,36,0.294117647058824,203,135,-225,10763.8667858992,4913.70510336322,2614.715359473,2332.74106477506,902.705258287888,0,0.456499992158975,44,629.529623867983,14,"failure_probability",0.4,"reliability","high_intensity"
4348,2317,2031,55.8990021287486,95.5272421138985,60.9664287444268,51.4747331352705,51,30,0.411764705882353,247,236,-124,10717.9958101566,5845.80290838893,1933.24383466727,2083.08978640161,855.859280698752,0,0.545419406009596,50,603.141916747309,15,"failure_probability",0.4,"reliability","high_intensity"
4494,2453,2041,45.6983582891644,75.0885908346573,48.9274719292936,42.482381807864,51,34,0.333333333333333,218,214,-146,10740.0678620541,5559.97968568143,2077.85549387727,2157.48494342161,944.747739073803,0,0.517685712706292,46,690.539461545329,16,"failure_probability",0.4,"reliability","high_intensity"
3981,1986,1995,50.9483026763195,131.79113740442,54.0714088100656,48.0612452619844,51,27,0.470588235294118,221,177,-183,10757.7780355047,6568,1669.82009087336,1715.23352093048,804.724423700847,-1.81898940354586e-12,0.61053499880023,41,675.433059251475,17,"failure_probability",0.4,"reliability","high_intensity"
4677,2542,2135,40.3474152856204,71.8106728801069,42.0814053226981,38.7370937337363,51,34,0.333333333333333,229,219,-141,10764.7126141462,5027.9601643798,2499.44161939666,2266.13808570942,971.172744660318,-1.81898940354586e-12,0.467077974545501,45,677.047866036469,18,"failure_probability",0.4,"reliability","high_intensity"
4477,2174,2303,47.7714786019266,98.0669440831742,46.6897083683699,48.6462545312253,51,27,0.470588235294118,241,310,-50,10745.870331373,6102.36419071886,1678.93865553761,2059.4054921787,905.161992937875,-3.63797880709171e-12,0.567879939226769,47,603.942996613411,19,"failure_probability",0.4,"reliability","high_intensity"
4482,2380,2102,49.6748393399686,83.2637740687145,53.5658005621688,46.0246867927581,51,32,0.372549019607843,196,337,-23,10693.4778801679,5298.79970434281,2246.11801042501,2215.47828616613,933.081879233964,0,0.495516964987597,53,571.217447414108,20,"failure_probability",0.4,"reliability","high_intensity"
4544,2293,2251,48.2645639761936,89.0842154357824,49.5460212117549,47.193433989063,51,29,0.431372549019608,218,163,-197,10756.0842231155,5789.30777827609,1939.91435872324,2081.80177591651,945.060310199695,0,0.538235630940346,39,750.372061597,21,"failure_probability",0.4,"reliability","high_intensity"
4561,2412,2149,50.1093923112221,93.1044227790843,51.4237320491685,48.9077102650997,51,32,0.372549019607843,226,339,-21,10731.8776292677,5530.17536125704,2058.36526833476,2190.75702273364,952.579976942278,0,0.515303617157848,66,457.178312991777,22,"failure_probability",0.4,"reliability","high_intensity"
4313,2224,2089,45.8497227744341,88.0344900045498,48.2133855941902,43.4689937971346,51,31,0.392156862745098,219,247,-113,10773.631531141,6219.51732347775,1634.66634979783,2047.13814319133,872.309714674066,0,0.577290703278681,37,736.168032019166,23,"failure_probability",0.4,"reliability","high_intensity"
4332,2187,2145,54.3912353682355,92.6582333945055,57.2052362179266,51.8209668756043,51,29,0.431372549019608,230,257,-103,10761.3518825405,6005.36283534099,1847.10792086007,2050.76594447042,858.115181869036,0,0.558049109525378,26,1006.37541485609,24,"failure_probability",0.4,"reliability","high_intensity"
4759,2633,2126,41.439711821116,81.810031200939,43.5562625734736,39.5699405913867,51,35,0.313725490196078,232,187,-173,10750.9146154234,5281,2286.30396852412,2205.66298650878,977.947660390512,0,0.491214021216744,55,582.888268511475,25,"failure_probability",0.4,"reliability","high_intensity"
4241,2046,2195,60.9785635028489,115.814452291656,62.5891901211101,59.7136734885077,51,25,0.509803921568627,196,310,-50,10764.7301372111,6199.23486734516,1759.91835121108,1940.68928468153,864.887633973369,0,0.575883908683959,42,684.98134492435,26,"failure_probability",0.4,"reliability","high_intensity"
4350,2270,2080,31.570378371585,70.3839665226323,32.370846685091,30.7962686333938,51,31,0.392156862745098,200,121,-239,10754.7690518544,5960.33958892372,1840.61197042265,2054.96802246048,898.849470047545,-1.81898940354586e-12,0.55420433113773,75,358.880385182236,27,"failure_probability",0.4,"reliability","high_intensity"
4109,1891,2218,68.8160903003744,125.17072016348,73.1021352637801,65.727329962779,51,22,0.568627450980392,189,341,-19,10754.5876205332,6483.33958622073,1691.06847382123,1773.19860369177,806.980956799463,1.81898940354586e-12,0.602844089887967,30,1027.5134109917,28,"failure_probability",0.4,"reliability","high_intensity"
4563,2280,2283,48.4497455367769,89.5406956270034,49.0733915158568,47.888464155605,51,30,0.411764705882353,211,86,-274,10752.1298685032,5541.18334843049,2108.49697940495,2135.35633161014,967.093209057617,0,0.515356809878439,66,451.020037584506,29,"failure_probability",0.4,"reliability","high_intensity"
4465,2295,2170,54.6088998694582,84.4734257741719,57.3349735157028,52.0284942806465,51,31,0.392156862745098,217,337,-23,10751.6336861198,5670.44532440467,1961.60539561543,2180.45601703273,939.126949066996,0,0.527403136113642,54,553.445005710768,30,"failure_probability",0.4,"reliability","high_intensity"
5735,5090,645,15.8266771517233,76.5395088506778,23.5029597270224,0.134372222074732,119,119,0,353,262,-98,7501.12978605601,47,3205.45502191547,3012.39118807018,1236.28357607036,-9.09494701772928e-13,0.00626572280983182,1335,25.4799366309955,1,"schedule_interval_days",3,"interval","high_intensity"
5833,5111,722,16.0375719088592,75.8028398413139,24.5426329421912,0.0804118159334398,119,119,0,342,198,-162,7663.58116120796,32,3372.12721508831,3025.52798755946,1233.92595856018,9.09494701772928e-13,0.00417559354130414,1306,25.9803609653928,2,"schedule_interval_days",3,"interval","high_intensity"
5530,5001,529,12.762034520674,64.1557063515469,18.7870997172679,0.0370368372639483,119,119,0,339,162,-198,6582.21686949835,26,2473.53403897412,2872.62334077882,1210.05948974541,0,0.00395003697317885,1369,24.8659054857624,3,"schedule_interval_days",3,"interval","high_intensity"
5714,5062,652,13.9068103511247,66.8195186933228,21.0290477642557,0.104633495382065,119,119,0,348,288,-72,7635.6799753492,46,3388.09673562324,2987.24069309573,1214.34254663023,0,0.00602434886591699,1323,25.5088513678642,4,"schedule_interval_days",3,"interval","high_intensity"
5662,5049,613,14.601855098678,67.0114844048847,21.6419835051534,0.0468387151812157,119,119,0,351,109,-251,7380.2212422343,47,3152.10241850453,2968.73898339706,1212.37984033271,-9.09494701772928e-13,0.00636837277059341,1381,24.7256989833972,5,"schedule_interval_days",3,"interval","high_intensity"
5529,4932,597,13.5042440726316,66.2228159066485,19.9934511526216,0.102357729060071,119,119,0,348,223,-137,7583.12796448978,32,3373.92285552277,3001.30392264188,1175.90118632513,9.09494701772928e-13,0.00421989450129938,1282,26.2780151354441,6,"schedule_interval_days",3,"interval","high_intensity"
5703,5008,695,15.728367105183,69.5000653008674,23.2255839698761,0.387346708085967,119,119,0,321,195,-165,7566.13183621029,47,3300.07959823054,2956.23875875888,1262.81347922087,9.09494701772928e-13,0.00621189281622949,1277,26.8656482103555,7,"schedule_interval_days",3,"interval","high_intensity"
5683,5131,552,15.32987906835,65.8094234742907,22.455890725859,0.120175506140945,119,119,0,345,223,-137,7389.53808033116,35,3117.95347244204,3006.68802679021,1229.89658109892,-9.09494701772928e-13,0.00473642596052925,1373,24.8024928793989,8,"schedule_interval_days",3,"interval","high_intensity"
5700,4970,730,15.0107152038284,65.685510911392,22.6948224248482,0.177126146270052,119,119,0,334,130,-230,7981.36081547883,54,3761.82818336119,2945.63470726225,1219.89792485539,-9.09494701772928e-13,0.00676576353937964,1241,27.4157581987252,9,"schedule_interval_days",3,"interval","high_intensity"
5593,5058,535,14.6203802906165,66.2742520604598,21.3920862920318,0.0782786036939942,119,119,0,353,45,-315,7021.1770886529,25,2790.44845754239,2973.24130893228,1232.48732217823,0,0.00356065652302135,1399,24.4959929796774,10,"schedule_interval_days",3,"interval","high_intensity"
5529,4999,530,14.1133630569703,62.6537116335955,20.848053134163,0.0275734211845328,119,119,0,335,148,-212,6799.1894763642,33,2686.60559640666,2857.51423081887,1222.06964913868,-9.09494701772928e-13,0.00485351969006259,1423,24.0282139175191,11,"schedule_interval_days",3,"interval","high_intensity"
5665,5166,499,10.4885404649407,51.4915743962995,15.7172624324548,0.0765110229713941,119,119,0,344,122,-238,6948.14944512076,30,2767.60833448904,2959.00686291441,1191.53424771731,0,0.00431769642218434,1356,24.9356552625339,12,"schedule_interval_days",3,"interval","high_intensity"
5721,5133,588,13.0080035270081,59.4660708845156,19.5581478298083,0.0671966957365881,119,119,0,336,200,-160,7092.88023001974,52,2874.45624125629,2939.46524993179,1226.95873883167,-9.09494701772928e-13,0.0073312953713664,1382,24.664441607163,13,"schedule_interval_days",3,"interval","high_intensity"
5646,5056,590,14.9917068969279,68.4236620783143,21.8867107221473,0.112107761304409,119,119,0,340,278,-82,7465.81432667936,48,3166.86464544707,3046.9324930022,1204.01718823009,-9.09494701772928e-13,0.00642930535098767,1341,25.4741121749028,14,"schedule_interval_days",3,"interval","high_intensity"
5647,4986,661,18.014724370077,86.7506213522668,26.7806577940976,0.113821886735427,119,119,0,337,358,-2,7122.71566152374,32,2843.41274581151,3015.42711013373,1231.8758055785,0,0.00449266845970857,1320,25.7709261729128,15,"schedule_interval_days",3,"interval","high_intensity"
5700,5055,645,15.0726096271892,66.5790913206933,22.5502451043002,0.196935029317266,119,119,0,344,175,-185,7475.99659960359,32,3220.83964277947,2987.73421044175,1235.42274638237,0,0.0042803657778144,1274,26.6387924059864,16,"schedule_interval_days",3,"interval","high_intensity"
5518,4968,550,14.9092005771564,68.4881228107576,21.5778983817012,0.0508738898373675,119,119,0,335,161,-199,7012.61002818662,40,2827.38554360147,2902.10263200398,1243.12185258117,0,0.00570401032414796,1417,24.1176533492557,17,"schedule_interval_days",3,"interval","high_intensity"
5651,5076,575,12.465470749413,57.2152022808371,18.5874344396551,0.0903584327092565,119,119,0,342,131,-229,6878.49139486326,59,2689.64221503621,2909.30390615975,1220.54527366731,0,0.0085774622098183,1340,25.5865494713308,18,"schedule_interval_days",3,"interval","high_intensity"
5699,5146,553,12.5566351236511,56.9125378557827,18.9089590632809,0.0244651329891513,119,119,0,337,145,-215,7114.14551476896,28,2896.07845036673,2998.2578195945,1191.80924480773,0,0.00393582053415579,1368,24.4698762430727,19,"schedule_interval_days",3,"interval","high_intensity"
5647,5020,627,15.084837138766,73.044636011151,22.6965246833476,0.0866599059513481,119,119,0,344,301,-59,7417.67668527914,40,3215.26544447261,2945.69186493853,1216.719375868,0,0.00539252406071871,1328,25.222691432796,20,"schedule_interval_days",3,"interval","high_intensity"
5754,5185,569,12.3463924820523,57.2032930142554,18.4817525692548,0.0721217520412114,119,119,0,355,234,-126,7172.55821072991,35,2880.08303603993,3027.45346690958,1230.0217077804,0,0.00487970943862696,1355,25.020990083143,21,"schedule_interval_days",3,"interval","high_intensity"
5748,5100,648,15.25662406405,75.5228130211617,22.7154457897892,0.112955711791526,119,119,0,344,227,-133,7106.24838724077,28,2857.38383235503,2953.71210295618,1267.15245192956,-9.09494701772928e-13,0.00394019438586946,1330,25.6755572967764,22,"schedule_interval_days",3,"interval","high_intensity"
5557,5013,544,13.1970678832692,57.7537565990844,19.4123642887997,0.0479883528616429,119,119,0,326,113,-247,7124.32840076618,52,2937.94673222645,2927.87126355745,1206.51040498227,0,0.00729893360817109,1389,24.4176358029442,23,"schedule_interval_days",3,"interval","high_intensity"
5616,5098,518,13.9852594545203,67.4245729087281,20.9369200774363,0.0778465897226213,119,119,0,333,162,-198,7161.7297299878,38,3014.20197319048,2927.03929129037,1182.48846550694,0,0.00530598073826848,1363,25.1728004964019,24,"schedule_interval_days",3,"interval","high_intensity"
5678,5054,624,12.8278136381653,54.3519111064869,19.3054220627764,0.093078765837199,119,119,0,342,139,-221,7655.45923335622,36,3445.42683080987,2963.46935054459,1210.56305200176,0,0.00470252651116493,1332,25.592594149067,25,"schedule_interval_days",3,"interval","high_intensity"
5862,5244,618,15.982421897707,78.3612085899147,24.7584020463793,0.200643295238712,119,119,0,355,284,-76,7668.92777569853,55,3367.05554620023,3085.96579717419,1160.90643232411,9.09494701772928e-13,0.00717179788474279,1272,26.8727274477382,26,"schedule_interval_days",3,"interval","high_intensity"
5758,4958,800,15.9968145864685,75.9317557521732,24.0399135445381,0.260733679237459,119,119,0,332,89,-271,7907.14563640142,41,3602.55128310601,3009.16115202395,1254.43320127146,0,0.00518518336266022,1185,28.7199496908981,27,"schedule_interval_days",3,"interval","high_intensity"
5630,5074,556,13.5618047990294,62.5781122501671,20.1641316469197,0.0559645243536456,119,119,0,336,161,-199,7274.87649090822,41,3026.56742263753,2945.52986505387,1261.77920321682,0,0.0056358345122752,1361,24.9528256486778,28,"schedule_interval_days",3,"interval","high_intensity"
5610,4975,635,14.8838810429401,71.3455664632629,21.9087273501082,0.0794891376402398,119,119,0,342,275,-85,7679.63475551411,37,3464.91168113729,2951.59877994164,1226.12429443518,0,0.00481793746420471,1346,25.4309176099523,29,"schedule_interval_days",3,"interval","high_intensity"
5655,5148,507,12.1306766568057,55.6180994131791,17.9574296344406,0.0385978967676928,119,119,0,337,298,-62,7054.67302775436,34,2814.62359665725,3000.1258005248,1205.92363057232,0,0.00481950047383314,1393,24.5698512943134,30,"schedule_interval_days",3,"interval","high_intensity"
5548,4176,1372,18.9748879294036,59.041527257374,30.0406263597309,1.51561173933151,71,71,0,261,261,-99,10292.017227219,3443.90935269801,2751.88102037398,2869.09865850481,1227.12819564223,1.81898940354586e-12,0.334619470281297,617,55.0178760874302,1,"schedule_interval_days",5,"interval","high_intensity"
5667,4165,1502,17.4889735404816,46.8068220104989,27.5415955511451,1.51973683491542,71,71,0,270,136,-224,10462.916616597,2877.55021619165,3408.6123951037,2906.74882395608,1270.00518134553,0,0.275023716773876,558,59.9086997314303,2,"schedule_interval_days",5,"interval","high_intensity"
5566,4139,1427,16.5465724677565,47.3057893305654,25.736839975404,1.70745449583799,71,71,0,274,192,-168,10490.6097359322,3173.43187745596,3166.7823186675,2960.04757596726,1190.3479638415,1.81898940354586e-12,0.302502138325324,535,62.0293777571653,3,"schedule_interval_days",5,"interval","high_intensity"
5726,4249,1477,17.9228961970057,43.9716842646026,28.5259676644437,1.91495132354334,71,71,0,278,286,-74,10427.1938066355,2796.63594355761,3404.93629063107,3012.31736662475,1213.30420582203,-1.81898940354586e-12,0.268206000139553,530,63.9185936673676,4,"schedule_interval_days",5,"interval","high_intensity"
5609,4164,1445,17.6177681479722,37.0670806090067,27.5239717658344,1.87134000913151,71,71,0,277,187,-173,10451.9873353505,3340.48868346179,2932.01183953925,2961.62614369274,1217.86066865674,0,0.319603208106046,516,65.870060598147,5,"schedule_interval_days",5,"interval","high_intensity"
5548,4175,1373,16.0851869620283,34.242351190754,25.1961722614551,1.70119781728761,71,71,0,276,83,-277,10402.9590424458,3289.52616837048,2975.53710186967,2913.82267932979,1224.07309287587,0,0.316210623818537,570,59.2188205189803,6,"schedule_interval_days",5,"interval","high_intensity"
5666,4241,1425,15.7625005049268,32.6440931989117,24.981568232125,1.77796809500466,71,71,0,273,181,-179,10537.1190488263,2710.0241156202,3619.23336729869,3004.06608138867,1203.79548451879,0,0.257188336115653,530,64.0141965078351,7,"schedule_interval_days",5,"interval","high_intensity"
5693,4314,1379,15.5122118154472,22.9382536785225,24.8572960418416,1.92516102894882,71,71,0,284,337,-23,10462.6728191305,3430.74245707829,2916.37046798859,2932.30309383369,1183.25680022994,0,0.327903062284939,525,64.1775909927342,8,"schedule_interval_days",5,"interval","high_intensity"
5618,4278,1340,16.7289932280984,44.8701730498224,26.8641489363267,1.68517325699999,71,71,0,274,57,-303,10322.8785089944,3143.79664355834,3110.58620280794,2859.20670317304,1209.28895945505,-1.81898940354586e-12,0.304546511984921,612,54.583226899449,9,"schedule_interval_days",5,"interval","high_intensity"
5680,4217,1463,15.4346780824703,24.8570156781455,24.3660084619895,1.69086083379426,71,71,0,282,232,-128,10435.2355826361,2820.75107844242,3431.26299048327,2985.16572286957,1198.05579084081,0,0.270310244182323,505,67.0584261736209,10,"schedule_interval_days",5,"interval","high_intensity"
5682,4228,1454,17.5867035808174,47.676153964554,28.1009266045258,1.51352532208602,71,71,0,268,196,-164,10418.5255951832,3375.45189641728,2882.6122759925,2938.52496292054,1221.93645985287,0,0.323985564519596,579,58.3269146294772,11,"schedule_interval_days",5,"interval","high_intensity"
5546,4201,1345,16.4756277046207,52.7271325907127,26.1128920622463,1.50125220426134,71,71,0,277,262,-98,10282.531338736,3490.23259108926,2723.04510539718,2883.58527084449,1185.66837140504,0,0.33943320726298,593,56.7644762070549,12,"schedule_interval_days",5,"interval","high_intensity"
5664,4234,1430,16.237883356799,45.0011562182562,25.8678175519307,1.56916356969736,71,71,0,277,62,-298,10459.7748085745,3067.49227987488,3270.62698127513,2924.31982007175,1197.33572735273,0,0.293265613840967,551,60.9543997080202,13,"schedule_interval_days",5,"interval","high_intensity"
5514,4169,1345,17.6540827984774,53.7447752629492,27.6135842281522,1.8720086172941,71,71,0,270,346,-14,10602.9136294375,4016.53549434344,2533.58547143869,2884.63658072895,1168.15608292646,0,0.378814317905229,561,60.3615086539754,14,"schedule_interval_days",5,"interval","high_intensity"
5631,4157,1474,14.8826947876173,19.4197166327936,22.9467308249629,2.00844362493452,71,71,0,270,142,-218,10419.2197667431,3333.95718719342,2820.10091126426,3044.24579921198,1220.91586907346,-1.81898940354586e-12,0.319981463279526,476,70.7167430497911,15,"schedule_interval_days",5,"interval","high_intensity"
5598,4269,1329,16.4775798622588,59.3568967889772,26.337315674515,1.76567984116894,71,71,0,277,356,-4,10264.5499374917,2459.4691316305,3697.45130140257,2870.68429235793,1236.94521210069,0,0.239608082829544,613,54.9586104253807,16,"schedule_interval_days",5,"interval","high_intensity"
5623,4189,1434,16.9087560127829,49.2391677727834,26.7942196167864,1.4358564586905,71,71,0,275,142,-218,10472.7724320273,3606.9688256968,2717.61172773781,2909.54097127875,1238.65090731397,0,0.344413940922286,553,61.3526492951198,17,"schedule_interval_days",5,"interval","high_intensity"
5699,4191,1508,17.2783920664941,33.5633768258379,27.1743135008167,1.80807085173657,71,71,0,286,82,-278,10565.5309905498,3224.61704015217,3092.83920458885,3035.43631705562,1212.63842875311,-1.81898940354586e-12,0.305201607286601,486,69.3964498265766,18,"schedule_interval_days",5,"interval","high_intensity"
5706,4229,1477,14.4167579407211,20.7747941083457,22.1561347743073,2.59258149921096,71,71,0,283,212,-148,10576.1222174907,3559.95441775737,2786.72324967374,3029.77985450516,1199.66469555441,0,0.336602995365348,485,69.7399392558672,19,"schedule_interval_days",5,"interval","high_intensity"
5764,4302,1462,16.5729471749807,34.9369581005446,26.7090112179037,1.73458538018626,71,71,0,290,176,-184,10447.3082895719,3490.92832703536,2778.2679694714,2945.62719542642,1232.48479763872,0,0.334146196347998,553,60.7741736639931,20,"schedule_interval_days",5,"interval","high_intensity"
5590,4243,1347,17.6232384373431,36.119557550423,28.0322211323766,1.85242648209388,71,71,0,279,351,-9,10566.8312690913,3328.89004574764,3116.22026267089,2928.44684061354,1193.27412005919,1.81898940354586e-12,0.31503200543051,548,61.9647112347622,21,"schedule_interval_days",5,"interval","high_intensity"
5581,4124,1457,17.2494760331307,57.394141390724,26.868410168754,1.5696318681735,71,71,0,260,87,-273,10368.6684081776,3282.96161729156,2887.13827514473,2941.51832089215,1257.05019484917,1.81898940354586e-12,0.316623262318075,570,59.5671972358222,22,"schedule_interval_days",5,"interval","high_intensity"
5638,4248,1390,17.0479912334967,55.9548900189672,27.3519751142957,1.48239856250256,71,71,0,279,291,-69,10386.6990686008,3323.42778370659,2936.79647924413,2900.41839910372,1226.05640654639,0,0.319969584345942,562,60.5273778817167,23,"schedule_interval_days",5,"interval","high_intensity"
5624,4245,1379,19.3999920649148,65.94671301536,31.0350441556409,1.79241767539685,71,71,0,289,177,-183,10423.6120633954,2786.14395731167,3573.78652959629,2885.1183748086,1178.56320167888,1.81898940354586e-12,0.2672916010656,579,58.895976386112,24,"schedule_interval_days",5,"interval","high_intensity"
5597,4183,1414,18.7793425879279,73.3343013504595,29.7201252616795,1.59148732418536,71,71,0,288,106,-254,10392.7547848609,2911.46137142255,3353.59404474203,2917.59992628825,1210.09944240805,0,0.280143372156117,574,59.4667302888128,25,"schedule_interval_days",5,"interval","high_intensity"
5489,4162,1327,15.5215415858554,27.9035858409823,24.3349354558517,1.49474536436676,71,71,0,284,172,-188,10354.6136513892,2650.28278158531,3642.97144218094,2877.44070921177,1183.91871841118,0,0.255951875252221,587,57.8452257453973,26,"schedule_interval_days",5,"interval","high_intensity"
5665,4206,1459,14.2175320906299,19.0454771108063,22.0716502707157,2.05078901893332,71,71,0,274,42,-318,10631.6630906663,2658.8521372284,3730.49635627806,3035.32670864902,1206.98788851081,0,0.250088073197376,443,77.0534575122476,27,"schedule_interval_days",5,"interval","high_intensity"
5616,4182,1434,16.0812039344957,24.067914150008,25.1938865333559,1.75647040270812,71,71,0,267,151,-209,10526.5561496219,3874.20240974681,2465.83754562185,2949.11561096457,1237.40058328868,-1.81898940354586e-12,0.368040825002958,526,63.8469333736544,28,"schedule_interval_days",5,"interval","high_intensity"
5592,4189,1403,16.8900417632077,45.7564945063438,26.5403691098264,1.78518156850011,71,71,0,288,82,-278,10589.660331221,3782.13991574595,2696.66023435838,2876.08080650649,1234.77937461016,1.81898940354586e-12,0.357154034921711,536,63.2780541659003,29,"schedule_interval_days",5,"interval","high_intensity"
5545,4166,1379,17.2820504922441,45.6536049207292,26.9178671631128,1.98444340482763,71,71,0,266,96,-264,10480.0300159183,2830.10672995141,3570.14099824465,2890.15059574481,1189.63169197746,1.81898940354586e-12,0.270047578647456,561,60.8396805815166,30,"schedule_interval_days",5,"interval","high_intensity"
5206,3279,1927,18.5027409397534,32.769454832451,21.8806560156483,14.2048531508809,51,51,0,216,323,-37,10748.2556895713,4247.85550004995,2712.19560106837,2639.73800193729,1148.46658651565,1.81898940354586e-12,0.395213476747815,129,253.965855552765,1,"schedule_interval_days",7,"interval","high_intensity"
5237,3338,1899,17.8446020563758,30.73964677009,21.0131637590575,13.9714467393828,51,51,0,215,283,-77,10743.3892796841,4211.13273681833,2696.74465642653,2699.15738132978,1136.35450510952,0,0.39197432273832,129,252.577530995008,2,"schedule_interval_days",7,"interval","high_intensity"
5383,3406,1977,21.3422301708579,37.8375851046807,23.7601182580449,18.5146871593449,51,51,0,220,43,-317,10732.7815347923,4066.66968077105,2810.79789875045,2747.7873436046,1107.52661166617,0,0.378901747658629,107,292.893960248913,3,"schedule_interval_days",7,"interval","high_intensity"
5434,3407,2027,19.4842683261666,33.4487630387876,22.4235922634224,16.0491322670948,51,51,0,223,212,-148,10760.156095707,4575.7276973828,2267.3942637336,2763.71857915969,1153.31555543088,0,0.425247334395864,125,266.764168515243,4,"schedule_interval_days",7,"interval","high_intensity"
5276,3331,1945,19.5394876329639,33.1812071859989,22.891126928106,15.4233607126423,51,51,0,209,107,-253,10756.3055511295,4451.27338535006,2493.97162851427,2699.54749009098,1111.51304717421,0,0.413829205965857,117,282.815522448959,5,"schedule_interval_days",7,"interval","high_intensity"
5185,3322,1863,18.249620838686,31.9361300111399,21.9073947804925,13.7303254435603,51,51,0,216,128,-232,10738.3274506546,4245.98418817534,2735.34749366806,2640.31364541802,1116.68212339322,-1.81898940354586e-12,0.395404610977521,120,278.772952751686,6,"schedule_interval_days",7,"interval","high_intensity"
5214,3427,1787,15.194348194605,26.6083391759799,19.0778840484251,10.7127819924594,51,51,0,219,183,-177,10754.9828596447,4566.43952126115,2451.8892444228,2638.06174170039,1098.59235226033,0,0.424588265816355,152,221.254747988331,7,"schedule_interval_days",7,"interval","high_intensity"
5353,3371,1982,17.6219308421173,31.3513142099243,21.0904481893466,13.473267747972,51,51,0,213,155,-205,10739.6649205444,4321.88819043538,2623.710613542,2649.52416439299,1144.54195217404,1.81898940354586e-12,0.4024230013143,132,247.026202430986,8,"schedule_interval_days",7,"interval","high_intensity"
5219,3298,1921,17.1611403623455,28.7539962976957,20.7055758993981,12.7099887576747,51,51,0,216,129,-231,10757.3905307533,4316.08186889369,2697.43985159019,2622.13082970764,1121.73798056179,1.81898940354586e-12,0.401220152466794,139,239.042169113658,9,"schedule_interval_days",7,"interval","high_intensity"
5404,3441,1963,18.5176575269575,32.6559567220066,21.8603342765325,14.6938852452005,51,51,0,210,246,-114,10735.3781321516,3635.60029484302,3264.23681702518,2675.5443367016,1159.99668358184,1.81898940354586e-12,0.338656007276975,126,254.988261436273,10,"schedule_interval_days",7,"interval","high_intensity"
5396,3364,2032,19.1965525483197,33.7132896296016,22.3528528070523,15.4040346981672,51,51,0,215,330,-30,10748.0731920467,4075.11731866828,2795.53747687563,2748.53686266351,1128.8815338393,-1.81898940354586e-12,0.37914863863076,114,285.985849591506,11,"schedule_interval_days",7,"interval","high_intensity"
5290,3376,1914,19.3634406177462,34.6049263900801,22.8604111978829,15.1943250429858,51,51,0,217,297,-63,10732.800520721,3811.06681943557,3054.70832524737,2764.60836669202,1102.417009346,0,0.355085964010777,123,270.665650073578,12,"schedule_interval_days",7,"interval","high_intensity"
5337,3448,1889,17.6020125376105,29.8630135924216,21.3761991752427,13.3033731662131,51,51,0,215,191,-169,10758.5864648893,3981.82508486643,2982.16424688026,2688.06372652251,1106.53340662006,1.81898940354586e-12,0.370106714098655,128,251.730479361577,13,"schedule_interval_days",7,"interval","high_intensity"
5350,3374,1976,19.8929398089279,35.8806700199374,23.0011662526722,16.1824692297897,51,51,0,213,86,-274,10763.0732108762,3775.11468145454,3113.50656415609,2743.39205449862,1131.05991076691,0,0.350746910988189,101,315.543664851014,14,"schedule_interval_days",7,"interval","high_intensity"
5314,3416,1898,17.3696603097336,31.0322033476332,21.2116598377418,12.9051595923773,51,51,0,222,295,-65,10716.0155053059,4431.9526213056,2490.35066332362,2627.99386953489,1165.71835114177,0,0.413582139659203,161,205.86186684247,15,"schedule_interval_days",7,"interval","high_intensity"
5352,3426,1926,17.3294256543087,29.0321210652738,21.1482289945318,12.9197885897493,51,51,0,217,127,-233,10735.8716254394,4055.26149756965,2831.89951858273,2691.12450255777,1157.58610672929,0,0.377730065993003,139,239.740775204876,16,"schedule_interval_days",7,"interval","high_intensity"
5233,3330,1903,18.1544645330048,31.9217348591001,21.5072068267878,14.0342270153437,51,51,0,209,331,-29,10753.8881200088,3967.8428219349,2932.296986119,2713.27036783456,1140.47794412031,1.81898940354586e-12,0.368968207373508,126,262.489375629439,17,"schedule_interval_days",7,"interval","high_intensity"
5299,3350,1949,22.1358082200582,36.5430941135796,24.7166180537231,19.0136411785401,51,51,0,219,51,-309,10762.820574702,3988,2972.67485747016,2680.28783623251,1121.8578809993,-1.81898940354586e-12,0.370534840037546,89,368.908452455575,18,"schedule_interval_days",7,"interval","high_intensity"
5418,3447,1971,18.7364797342194,32.2625025631708,22.5006574455184,14.4465788788842,51,51,0,214,43,-317,10741.2280319769,3821.58800094745,3002.04264140383,2775.06654773573,1142.53084188994,-1.81898940354586e-12,0.355786879262825,121,273.036067001769,19,"schedule_interval_days",7,"interval","high_intensity"
5276,3335,1941,17.3469108483065,31.585036484221,20.8332578856222,13.0767753176116,51,51,0,222,352,-8,10690.4699262338,4254.73201752063,2684.92069228356,2598.26687093885,1152.55034549075,1.81898940354586e-12,0.397992983178388,140,227.2587706958,20,"schedule_interval_days",7,"interval","high_intensity"
5132,3263,1869,20.7957406164685,35.15804240227,23.235429281593,17.6762783637849,51,51,0,208,57,-303,10753.3355304036,4282,2699.86647516434,2706.63714837007,1064.8319068692,0,0.39820202651477,109,304.969328148251,21,"schedule_interval_days",7,"interval","high_intensity"
5267,3296,1971,18.8842657672788,32.6241231247945,22.2080322130687,14.70451563408,51,51,0,220,120,-240,10731.8452907333,4403.26587767029,2495.64613931539,2669.40629902307,1163.52697472456,0,0.410299045353589,121,269.458771102686,22,"schedule_interval_days",7,"interval","high_intensity"
5351,3385,1966,18.233975091464,32.1556429650274,21.8842763856253,13.907342957132,51,51,0,223,64,-296,10769.6224584074,3950.03834624914,2900.57130116399,2757.74850396048,1161.26430703384,0,0.366775934950764,131,248.385993207015,23,"schedule_interval_days",7,"interval","high_intensity"
5327,3393,1934,18.5406035189387,31.2052436697661,21.4843746519993,15.0693358244627,51,51,0,220,240,-120,10759.8568880099,3910.25998906681,3020.12786677973,2725.12284494414,1104.34618721918,1.81898940354586e-12,0.363411895693907,116,289.609163235689,24,"schedule_interval_days",7,"interval","high_intensity"
5276,3390,1886,18.1063874758614,31.9042513437824,21.347919235741,14.2766240838801,51,51,0,212,261,-99,10750.5828470338,3925.37223329459,3017.53610590008,2679.31412250051,1128.36038533858,-1.81898940354586e-12,0.365131108624279,98,335.550690565855,25,"schedule_interval_days",7,"interval","high_intensity"
5106,3267,1839,16.7535260661277,26.9698174450956,20.52858615905,11.9100527393594,51,51,0,214,92,-268,10762.2609409083,4098.11178858553,2888.31288841564,2644.85856566233,1130.97769824478,0,0.380785395474686,126,262.731989327177,26,"schedule_interval_days",7,"interval","high_intensity"
5292,3422,1870,17.08574986003,28.630255490955,21.0491202346234,12.4976363620769,51,51,0,224,233,-127,10754.6552388722,4002.16254378888,2957.5166657234,2669.80073458504,1125.17529477487,0,0.372133039590451,135,249.662378582846,27,"schedule_interval_days",7,"interval","high_intensity"
5417,3461,1956,19.1121596027475,33.5563583977523,22.5157135155165,15.2666673049975,51,51,0,214,359,-1,10751.0828778579,4365.74173419394,2542.14024058673,2705.87264542303,1137.32825765422,-1.81898940354586e-12,0.406074605115851,114,291.242762807753,28,"schedule_interval_days",7,"interval","high_intensity"
5261,3377,1884,19.3743386339643,33.6980052455585,22.1480695852109,16.0696209010059,51,51,0,208,305,-55,10751.8336413804,3577.32405174237,3356.79567575406,2720.15351690405,1097.56039697987,1.81898940354586e-12,0.3327175783277,118,271.276561410257,29,"schedule_interval_days",7,"interval","high_intensity"
5130,3262,1868,19.6455614406952,33.9294812766379,22.3854798693719,16.1178684287384,51,51,0,210,360,0,10751.2630338329,4480.16857884982,2501.13617948984,2662.38570729841,1107.57256819483,0,0.4167109078023,123,269.216648477735,30,"schedule_interval_days",7,"interval","high_intensity"
4692,2524,2168,39.65624468087,70.5061333739445,42.2959244411946,37.0249183375084,35,35,0,164,262,-98,10763.4106536137,5399.11348560143,2139.81827795965,2253.43311396686,971.045776085771,0,0.501617345965401,54,563.191477153125,1,"schedule_interval_days",10,"interval","high_intensity"
4788,2545,2243,42.5162966792736,75.9455934753683,45.1292837096592,39.9541459724365,35,35,0,168,311,-49,10746.0347394887,5399.43648358392,2073.80875550714,2295.19302082925,977.596479568386,1.81898940354586e-12,0.502458498830502,53,577.141554728649,2,"schedule_interval_days",10,"interval","high_intensity"
4719,2644,2075,39.2963412592405,68.1064557092432,41.6932456378621,37.1141884289925,35,35,0,176,143,-217,10742.4832472822,5286.44172115616,2244.74512299138,2240.83323454674,970.463168587947,1.81898940354586e-12,0.492106117316366,50,588.103070703972,3,"schedule_interval_days",10,"interval","high_intensity"
4917,2619,2298,43.5038499442705,77.149609267329,44.9611449560438,42.1527154962688,35,35,0,172,102,-258,10762.3584893794,5268.76089919833,2161.4997718066,2359.49917480119,972.59864357332,0,0.48955448793103,51,634.239939572321,4,"schedule_interval_days",10,"interval","high_intensity"
4659,2539,2120,40.0486205355888,74.5155445063381,42.440981072952,37.6917993650823,35,35,0,172,224,-136,10758.0339127528,5370.71881976994,2190.05746873808,2268.8021208167,928.455503428063,1.81898940354586e-12,0.499228656771883,50,582.107111979165,5,"schedule_interval_days",10,"interval","high_intensity"
4804,2676,2128,39.3627797937437,69.0081041828528,41.6160936003732,37.3577124234378,35,35,0,187,203,-157,10741.8807583264,5363.43988940605,2203.45290135507,2248.88368051189,926.104287053357,1.81898940354586e-12,0.499301752651526,55,545.19871336354,6,"schedule_interval_days",10,"interval","high_intensity"
4582,2524,2058,37.560261954596,67.4007627874459,39.9424289907259,35.185633421745,35,35,0,178,302,-58,10763.1417920459,5617.75677167799,1935.50238531276,2229.24749416229,980.63514089287,0,0.521943952817715,63,487.95506136055,7,"schedule_interval_days",10,"interval","high_intensity"
4712,2492,2220,41.0418407261817,73.8289491903911,42.8791808242125,39.1627428986502,35,35,0,177,332,-28,10745.1298090292,5126.14803082504,2351.51774523556,2285.93436702637,981.529665942238,1.81898940354586e-12,0.477067110582275,49,631.169097448313,8,"schedule_interval_days",10,"interval","high_intensity"
4677,2564,2113,37.1781077753362,65.5897787511586,40.3994237460396,34.0654865153007,35,35,0,167,172,-188,10763.9193831928,5870.10844093352,1713.56086597079,2202.7618169945,977.488259293936,0,0.545350465008068,56,539.136212673635,9,"schedule_interval_days",10,"interval","high_intensity"
4712,2547,2165,38.6893749630623,68.6541653009976,40.9310200088584,36.4947574357095,35,35,0,169,312,-48,10739.7692682689,5506.2642963544,2015.49567831336,2228.99764099014,989.011652611,0,0.512698565380068,59,535.911044006582,10,"schedule_interval_days",10,"interval","high_intensity"
4769,2636,2133,38.856945677634,69.2184645737856,40.9790963501925,36.9136972420064,35,35,0,172,222,-138,10751.8149822786,5131.75715376999,2291.07700071381,2323.01215377065,1005.96867402412,0,0.47729217459827,53,603.498089918476,11,"schedule_interval_days",10,"interval","high_intensity"
4843,2625,2218,39.7030231096408,74.5584872552035,42.22869549527,37.3716332152138,35,35,0,175,213,-147,10744.5792404853,5405.07727129037,2013.76047785329,2339.06832204698,986.673169294684,0,0.5030515528169,58,526.094392727757,12,"schedule_interval_days",10,"interval","high_intensity"
4629,2518,2111,40.6556922102321,72.385064655855,43.328723887662,37.9784108798969,35,35,0,170,52,-308,10765.961421946,5456.64046583076,2103.45831773334,2265.26011565822,940.60252272369,1.81898940354586e-12,0.50684191146251,54,575.579268212191,13,"schedule_interval_days",10,"interval","high_intensity"
4693,2512,2181,41.3761089905445,72.9087795284517,43.1955737124777,39.5450182959472,35,35,0,171,191,-169,10764.9959033217,5299.26106284989,2288.71471920695,2204.86126465839,972.158856606474,0,0.492267819741086,50,625.777684462456,14,"schedule_interval_days",10,"interval","high_intensity"
4611,2639,1972,37.2481076173098,68.816884055874,39.8292862725434,34.8896702673501,35,35,0,163,115,-245,10742.9197818893,5049.28832896572,2518.45849665541,2279.69316075335,895.479795514865,0,0.470010800739472,68,462.510265527823,15,"schedule_interval_days",10,"interval","high_intensity"
4728,2575,2153,39.1697336468373,66.4425125417869,41.8393512720632,36.6117730325525,35,35,0,169,52,-308,10745.7807993583,5475.94147517443,2014.98453571599,2297.50809910481,957.346689363038,0,0.509589910442008,58,535.069282569534,16,"schedule_interval_days",10,"interval","high_intensity"
4532,2549,1983,37.1834680765641,67.071965672143,40.0562201378228,34.3753473650156,35,35,0,176,262,-98,10757.4620491382,5431.72302911634,2234.68925299221,2168.25221748252,922.797549547121,0,0.504926069393058,61,457.533613258134,17,"schedule_interval_days",10,"interval","high_intensity"
4698,2560,2138,38.607941404698,68.0230993640867,41.1405373095063,36.1532715277299,35,35,0,182,163,-197,10764.4671478025,5041.62041761563,2568.54001468106,2151.3724278144,1002.93428769143,0,0.468357638923617,48,628.553027671279,18,"schedule_interval_days",10,"interval","high_intensity"
4636,2547,2089,37.4734479506271,67.6650482939253,40.288495584021,34.7174572605911,35,35,0,171,192,-168,10746.3061867807,4848.49612754212,2721.94348086995,2215.93278124695,959.933797121722,0,0.451177925072185,62,502.095687768416,19,"schedule_interval_days",10,"interval","high_intensity"
4783,2609,2174,38.972830783771,68.9081068119449,41.2486288865056,36.8471779969322,35,35,0,171,164,-196,10749.678291724,5461.57453105551,2073.68241983726,2232.10991037142,982.311430459782,0,0.508068649390214,45,669.682409904739,20,"schedule_interval_days",10,"interval","high_intensity"
4528,2443,2085,41.1611557938794,73.0007161587426,43.0513246526761,39.1479581927941,35,35,0,157,343,-17,10755.9902040139,5269.87271492198,2235.56497011135,2272.02086665102,978.531652329564,0,0.489947704950063,52,587.515299888306,21,"schedule_interval_days",10,"interval","high_intensity"
4537,2525,2012,34.6980488091095,65.0295310851336,38.0156068750613,31.3936036208887,35,35,0,163,353,-7,10736.2834230357,5423.7757431487,2166.01272407481,2207.13594266656,939.359013145626,0,0.505181870619351,62,500.686735750616,22,"schedule_interval_days",10,"interval","high_intensity"
4829,2646,2183,36.44032760117,64.9329174136543,38.9139428060443,34.1915865058297,35,35,0,183,282,-78,10773.7658539248,5354.43994840519,2186.12295274526,2238.81798372411,994.384969050249,0,0.496988705806577,54,606.104953709013,23,"schedule_interval_days",10,"interval","high_intensity"
4518,2504,2014,38.3022365657095,67.8766105620181,40.7651998065563,35.8075953410576,35,35,0,165,113,-247,10760.7619651984,5864.95445837994,1747.9724613661,2175.62505780708,972.209987645269,0,0.545031520755493,60,495.309679001374,24,"schedule_interval_days",10,"interval","high_intensity"
4720,2568,2152,39.0594476354005,70.2822868114164,41.5702927428921,36.640743632771,35,35,0,166,311,-49,10750.9723142103,5627.04798990093,1944.97939780518,2263.51939927975,915.42552722448,1.81898940354586e-12,0.523398984337747,55,567.236322845391,25,"schedule_interval_days",10,"interval","high_intensity"
4672,2561,2111,37.2444047941139,66.2998139523056,39.6439933316321,34.9204374172708,35,35,0,165,351,-9,10764.4494767096,5438.14341520663,2136.74151018172,2190.74301062648,998.821540694766,1.81898940354586e-12,0.505194754917362,49,563.999821756849,26,"schedule_interval_days",10,"interval","high_intensity"
4692,2590,2102,36.8816942755269,67.1010003458112,39.6914648143064,34.2198063966831,35,35,0,173,205,-155,10755.5907447453,4903.33127344294,2609.49687192803,2251.9603869169,990.802212457452,1.81898940354586e-12,0.455886746698546,61,521.967029665064,27,"schedule_interval_days",10,"interval","high_intensity"
4793,2634,2159,39.1496711554066,68.5431973431837,41.5300380142915,36.9668019835035,35,35,0,171,63,-297,10754.2174496838,5127.6287970288,2322.59811376223,2317.23388329218,986.756655600559,1.81898940354586e-12,0.476801666045871,53,581.884391489593,28,"schedule_interval_days",10,"interval","high_intensity"
4646,2496,2150,41.3444624169279,76.8357827796737,44.0304641152217,38.6063053458517,35,35,0,174,62,-298,10754.320322698,5503.12996695138,2049.22512556582,2261.7742104353,940.191019745525,0,0.51171341394179,56,534.328767678496,29,"schedule_interval_days",10,"interval","high_intensity"
4695,2525,2170,38.6298355309349,67.7028050259727,41.1237682272921,36.1457602760652,35,35,0,182,134,-226,10757.182877676,5126.68878198877,2391.7189357325,2238.67634733197,1000.0988126228,0,0.476582841463817,56,569.923824563926,30,"schedule_interval_days",10,"interval","high_intensity"
4193,2009,2184,56.323264850337,100.213795716857,59.9022395894918,53.4187767842961,25,25,0,152,102,-258,10764.3254836721,6019.89928727881,2027.34544926519,1885.6011142894,831.479632838743,1.81898940354586e-12,0.55924537923069,34,790.563835957902,1,"schedule_interval_days",14,"interval","high_intensity"
4112,2028,2084,60.8253668160888,110.262302516462,63.8043286588618,58.4485355585572,25,25,0,137,45,-315,10747.0607518045,6424.22361300438,1641.50337554433,1851.06508559241,830.268677663377,0,0.597765636704502,34,894.09354785349,2,"schedule_interval_days",14,"interval","high_intensity"
4080,1985,2095,58.7934499699072,107.131649350576,61.9110362613918,56.2074336912563,25,25,0,141,46,-314,10742.8557853451,6000.88559986769,2047.18818410559,1862.89228512393,831.889716247915,0,0.558593145041917,36,786.829377050325,3,"schedule_interval_days",14,"interval","high_intensity"
4093,1997,2096,55.9441861539727,95.4372902315154,60.4624258416844,52.2373349972358,25,25,0,151,116,-244,10762.6056960153,5859.08622524453,2213.31999054201,1888.05299309576,802.146487133019,-1.81898940354586e-12,0.544392909183114,36,800.337264869451,4,"schedule_interval_days",14,"interval","high_intensity"
4325,2018,2307,65.2297209749983,119.884969732743,67.6405820981932,63.2889562067734,25,25,0,139,31,-329,10758.6633734796,6268.67422901327,1752.51956404317,1898.54580407523,838.923776347953,-1.81898940354586e-12,0.582662921164139,32,900.948066018778,5,"schedule_interval_days",14,"interval","high_intensity"
4162,1973,2189,56.8928292468664,97.9346974087524,61.4092037369501,53.1046306997318,25,25,0,132,103,-257,10742.8652668421,6039.6091540457,1985.42074185378,1901.08969179744,816.745679145129,0,0.562197235470038,40,733.713315111919,6,"schedule_interval_days",14,"interval","high_intensity"
4056,1906,2150,62.3198035316002,109.396258960877,63.5526493665779,61.2168599416599,25,25,0,135,256,-104,10763.7601851876,6277.3092769431,1760.145215439,1892.35594350171,833.949749303806,-1.81898940354586e-12,0.583189254400291,38,785.105251444367,7,"schedule_interval_days",14,"interval","high_intensity"
4280,2058,2222,62.8541024443444,110.349922703414,65.1946415634839,61.0350305900909,25,25,0,140,215,-145,10745.4440881662,6106.93736046887,1952.84099454472,1880.1726169376,805.49311621497,0,0.568328057022266,28,892.138655284397,8,"schedule_interval_days",14,"interval","high_intensity"
4257,2012,2245,57.439088499486,103.614843088649,61.0841338194989,54.4889618915619,25,25,0,142,45,-315,10764.4020742639,6383.66027350909,1661.69306351087,1887.65038551261,831.398351731329,1.81898940354586e-12,0.59303435801339,30,877.154129309655,9,"schedule_interval_days",14,"interval","high_intensity"
4250,1995,2255,56.2859912029696,97.6193023327854,59.662764185631,53.5105613542068,25,25,0,138,143,-217,10739.8739290432,6396.45359653427,1626.91536893329,1846.20134391164,870.303619663948,1.81898940354586e-12,0.59557995175686,37,745.131820367605,10,"schedule_interval_days",14,"interval","high_intensity"
3974,1884,2090,60.8475077621401,109.690310670862,62.0664072426742,59.7326606762857,25,25,0,132,240,-120,10752.4673980886,6251.41022268586,1839.59430236831,1871.61777365695,789.84509937751,1.81898940354586e-12,0.581393087859733,33,858.0560146229,11,"schedule_interval_days",14,"interval","high_intensity"
4164,1954,2210,59.8930364220394,111.764142732754,62.984835077747,57.2529806439209,25,25,0,148,59,-301,10745.058672129,6139.6384187796,1886.6007800813,1901.66514382557,817.1543294425,0,0.571391800279777,32,1009.68814070812,12,"schedule_interval_days",14,"interval","high_intensity"
4339,2058,2281,61.6445574219129,111.957727827086,65.391734662511,58.7322435043496,25,25,0,146,45,-315,10766.209143436,6594.96664930345,1378.15933003916,1977.35190259656,815.731261496856,0,0.612561632552372,32,912.390677364261,13,"schedule_interval_days",14,"interval","high_intensity"
4274,2044,2230,60.2532716248461,109.135504066558,63.0927552067114,58.0194121635886,25,25,0,151,45,-315,10765.1473576643,5705.77759371454,2353.8402302713,1845.68060004715,859.848933631352,-1.81898940354586e-12,0.530023176101929,33,854.666160406207,14,"schedule_interval_days",14,"interval","high_intensity"
4196,2005,2191,58.6205218422197,106.813209967694,61.6702180854637,56.1366063499848,25,25,0,139,72,-288,10743.3417394784,6438.01165114059,1627.45009865292,1887.4098268743,790.470162810613,0,0.599255967766799,34,881.536980776175,15,"schedule_interval_days",14,"interval","high_intensity"
4267,1948,2319,58.586131187812,107.369317192543,62.143284259147,55.5313241609021,25,25,0,138,242,-118,10745.7821699283,6476.53298233635,1457.9991196326,1963.61830333374,847.631764625592,0,0.602704659364928,35,783.511542069329,16,"schedule_interval_days",14,"interval","high_intensity"
4211,1992,2219,61.735709967658,111.721273546311,63.6851937694666,60.128992548585,25,25,0,141,353,-7,10757.7668573111,6564.77091273764,1479.10237501036,1866.85371125075,847.039858312404,-1.81898940354586e-12,0.610235469852753,32,1003.35119783951,17,"schedule_interval_days",14,"interval","high_intensity"
4125,1944,2181,60.6178786557187,106.440395295215,63.3756633504445,58.2404780568172,25,25,0,154,201,-159,10764.7955236942,6368.14847244414,1701.41034128265,1892.65017717858,802.586532788843,0,0.591571707834794,33,871.061968204514,18,"schedule_interval_days",14,"interval","high_intensity"
4206,2008,2198,56.1419877869874,102.986908618737,59.5305026971231,53.3895839791155,25,25,0,141,157,-203,10746.3817897011,6012.34141667195,2014.47582583894,1889.70080109547,829.863746094774,0,0.559475880750293,36,784.982459640902,19,"schedule_interval_days",14,"interval","high_intensity"
4155,2006,2149,56.2286054386193,105.463390900743,60.9540337151761,52.3833202226146,25,25,0,145,59,-301,10750.2372780576,6254.93206120449,1800.18556584013,1883.55125186826,811.568399144705,-1.81898940354586e-12,0.581841302607478,28,975.215694631598,20,"schedule_interval_days",14,"interval","high_intensity"
4099,1940,2159,58.5906907615656,107.956324343058,63.187821516672,54.6124045311849,25,25,0,131,174,-186,10756.1776391216,6224.71072166283,1911.09260384079,1809.35428893505,811.020024682919,1.81898940354586e-12,0.578710293796447,33,798.422183628836,21,"schedule_interval_days",14,"interval","high_intensity"
4160,1950,2210,59.626828918329,109.23134760276,61.1669906202553,58.306690316678,25,25,0,135,340,-20,10737.6016782583,6353.84664327112,1617.83183132792,1953.20490914944,812.718294509784,-1.81898940354586e-12,0.5917379721895,39,790.945911218938,22,"schedule_interval_days",14,"interval","high_intensity"
4239,2066,2173,59.1009979934474,106.749513465282,62.5867348574677,56.4104635357988,25,25,0,155,73,-287,10773.8319441619,6313.93377915008,1800.13328786607,1856.5612988754,803.203578270317,0,0.586043462704231,32,884.67055818401,23,"schedule_interval_days",14,"interval","high_intensity"
4194,2007,2187,61.6439261236982,107.189085144978,63.5656124371454,60.0815795273996,25,25,0,145,325,-35,10761.3518825405,6154.05805843106,1887.13519933374,1875.73725427551,844.421370500205,1.81898940354586e-12,0.571866632148285,31,900.603204351381,24,"schedule_interval_days",14,"interval","high_intensity"
4169,1962,2207,59.8014462573295,105.551018445838,61.7034040907754,58.1896175849178,25,25,0,134,299,-61,10751.2527640996,6353.37497564074,1588.5578229954,1932.26517210476,877.054793358679,1.81898940354586e-12,0.590942759420171,33,803.589212316227,25,"schedule_interval_days",14,"interval","high_intensity"
4241,2029,2212,59.6199496986658,107.795087746139,60.71908266946,58.7437586679176,25,25,0,133,32,-328,10764.7885302817,6118.54218822784,1857.74514332807,1947.07669800023,841.424500725533,0,0.568384801152033,34,869.932882076517,26,"schedule_interval_days",14,"interval","high_intensity"
4161,2000,2161,59.9177455039022,110.22153274728,63.1358871379952,57.2847205305533,25,25,0,143,226,-134,10755.6051026797,6122.70922142079,1979.01650820421,1850.33140351781,803.547969536865,0,0.569257532511617,33,828.323624387267,27,"schedule_interval_days",14,"interval","high_intensity"
4100,1977,2123,56.9590288535266,106.040041386229,60.431493996533,54.0572473969753,25,25,0,141,118,-242,10754.6083731064,6374.67052557701,1725.20040937388,1844.83007345361,809.907364701932,0,0.592738508407044,36,755.333260600072,28,"schedule_interval_days",14,"interval","high_intensity"
4212,1997,2215,58.0708883452879,99.8415544368563,60.7977761786474,55.8336968685116,25,25,0,136,31,-329,10755.0158640846,6402.29051419693,1589.15105716168,1917.77394323693,845.800349489034,-1.81898940354586e-12,0.59528415346897,35,807.639319164657,29,"schedule_interval_days",14,"interval","high_intensity"
4276,2086,2190,58.7931444605915,109.258487523866,61.1923781462704,56.9724780886598,25,25,0,144,340,-20,10757.6516053379,6067.67292352945,1946.43591931626,1888.08146830876,855.461294183461,1.81898940354586e-12,0.564033224548626,30,933.514503178066,30,"schedule_interval_days",14,"interval","high_intensity"
