"scenario","replication","holder","kind","mean_q","utilisation"
"moderate_intensity",1,"PMV Ambulance fleet","shared",0.0228244908184188,0.153283720334374
"moderate_intensity",2,"PMV Ambulance fleet","shared",0.00824119279071539,0.123179836391682
"moderate_intensity",3,"PMV Ambulance fleet","shared",0.0035170286120069,0.108619025666816
"moderate_intensity",4,"PMV Ambulance fleet","shared",0.0824857544891904,0.114533594453081
"moderate_intensity",5,"PMV Ambulance fleet","shared",0.0153295866478305,0.128383124807867
"moderate_intensity",6,"PMV Ambulance fleet","shared",0.00391563055673032,0.118562692751703
"moderate_intensity",7,"PMV Ambulance fleet","shared",0.0108124014521313,0.119300803638251
"moderate_intensity",8,"PMV Ambulance fleet","shared",0.0142247375724194,0.120547401248751
"moderate_intensity",9,"PMV Ambulance fleet","shared",0.175632578217862,0.1227697869991
"moderate_intensity",10,"PMV Ambulance fleet","shared",0.0027241650376572,0.113438331147005
"moderate_intensity",11,"PMV Ambulance fleet","shared",0.00745688862459505,0.112038424813469
"moderate_intensity",12,"PMV Ambulance fleet","shared",11.2411761821464,0.173368207515507
"moderate_intensity",13,"PMV Ambulance fleet","shared",0.0155459770113566,0.131210622749523
"moderate_intensity",14,"PMV Ambulance fleet","shared",0.00191537592036903,0.108525524406657
"moderate_intensity",15,"PMV Ambulance fleet","shared",0.0100389815883233,0.113242244908608
"moderate_intensity",16,"PMV Ambulance fleet","shared",0.00438944701705802,0.123526999687089
"moderate_intensity",17,"PMV Ambulance fleet","shared",0.00656661420894383,0.119223236441356
"moderate_intensity",18,"PMV Ambulance fleet","shared",0.844225990160721,0.141631126612703
"moderate_intensity",19,"PMV Ambulance fleet","shared",0.00316257238285435,0.110846727549722
"moderate_intensity",20,"PMV Ambulance fleet","shared",0.00187846035325896,0.12402288437147
"moderate_intensity",21,"PMV Ambulance fleet","shared",0.0595400792187403,0.125411955825657
"moderate_intensity",22,"PMV Ambulance fleet","shared",0.0197746126893967,0.123902440295529
"moderate_intensity",23,"PMV Ambulance fleet","shared",0.0138945652481907,0.125215916698426
"moderate_intensity",24,"PMV Ambulance fleet","shared",0.00336718350513197,0.111277546519846
"moderate_intensity",25,"PMV Ambulance fleet","shared",0.0126071244747391,0.131894751837835
"moderate_intensity",26,"PMV Ambulance fleet","shared",0.198895675550037,0.146158924340408
"moderate_intensity",27,"PMV Ambulance fleet","shared",0.00997454166179074,0.119761073493475
"moderate_intensity",28,"PMV Ambulance fleet","shared",0.0207022727189614,0.127562099883257
"moderate_intensity",29,"PMV Ambulance fleet","shared",0.0106998046143219,0.132078008268942
"moderate_intensity",30,"PMV Ambulance fleet","shared",0.00899850658495622,0.128400168372971
"moderate_intensity",1,"HX2 40M fleet","shared",2.55109205884057e-05,0.0244109924368949
"moderate_intensity",2,"HX2 40M fleet","shared",0,0.0287227600704017
"moderate_intensity",3,"HX2 40M fleet","shared",0,0.0215084943978907
"moderate_intensity",4,"HX2 40M fleet","shared",0.00092733311168289,0.0261223474379599
"moderate_intensity",5,"HX2 40M fleet","shared",0,0.0256029002583165
"moderate_intensity",6,"HX2 40M fleet","shared",0.000375318504844966,0.0254604861708393
"moderate_intensity",7,"HX2 40M fleet","shared",0,0.0200935780069566
"moderate_intensity",8,"HX2 40M fleet","shared",0,0.0238372006990232
"moderate_intensity",9,"HX2 40M fleet","shared",0,0.0141724990882988
"moderate_intensity",10,"HX2 40M fleet","shared",0,0.028171406832653
"moderate_intensity",11,"HX2 40M fleet","shared",0,0.0261727908541766
"moderate_intensity",12,"HX2 40M fleet","shared",0.00122669019738461,0.0283720918111975
"moderate_intensity",13,"HX2 40M fleet","shared",0,0.0209647831483664
"moderate_intensity",14,"HX2 40M fleet","shared",0,0.0278734786757909
"moderate_intensity",15,"HX2 40M fleet","shared",0,0.0292664394329996
"moderate_intensity",16,"HX2 40M fleet","shared",0.000139689624896916,0.0287352396986448
"moderate_intensity",17,"HX2 40M fleet","shared",0.000103055738663336,0.0239149740600094
"moderate_intensity",18,"HX2 40M fleet","shared",0,0.021245963267319
"moderate_intensity",19,"HX2 40M fleet","shared",0.000123691822801998,0.0326002375795316
"moderate_intensity",20,"HX2 40M fleet","shared",0,0.025425112201336
"moderate_intensity",21,"HX2 40M fleet","shared",0,0.0258727723262633
"moderate_intensity",22,"HX2 40M fleet","shared",8.76562309223781e-05,0.0233174213046752
"moderate_intensity",23,"HX2 40M fleet","shared",0,0.0235575586301355
"moderate_intensity",24,"HX2 40M fleet","shared",2.85905900719952e-05,0.0230361163867291
"moderate_intensity",25,"HX2 40M fleet","shared",0,0.0222526739065534
"moderate_intensity",26,"HX2 40M fleet","shared",0,0.0269251223266145
"moderate_intensity",27,"HX2 40M fleet","shared",0,0.0274243305785949
"moderate_intensity",28,"HX2 40M fleet","shared",0,0.032668520967544
"moderate_intensity",29,"HX2 40M fleet","shared",0,0.0222069523502043
"moderate_intensity",30,"HX2 40M fleet","shared",0,0.0197946159021165
"moderate_intensity",1,"R2B evacuation crews","integral",0.127851964337351,0.202893732582836
"moderate_intensity",2,"R2B evacuation crews","integral",0.0325927333928327,0.147916686140054
"moderate_intensity",3,"R2B evacuation crews","integral",0.0364188561141405,0.137333750929594
"moderate_intensity",4,"R2B evacuation crews","integral",0.0530002936396075,0.139059534114771
"moderate_intensity",5,"R2B evacuation crews","integral",0.0374600449179446,0.159479099399323
"moderate_intensity",6,"R2B evacuation crews","integral",0.0370738426327358,0.137150018023536
"moderate_intensity",7,"R2B evacuation crews","integral",0.0673018474724669,0.150199989007064
"moderate_intensity",8,"R2B evacuation crews","integral",0.0543667922087682,0.154532151925931
"moderate_intensity",9,"R2B evacuation crews","integral",0.0868895745340315,0.159829889630422
"moderate_intensity",10,"R2B evacuation crews","integral",0.0476273474181357,0.133890002689131
"moderate_intensity",11,"R2B evacuation crews","integral",0.0397534680449381,0.145536475914149
"moderate_intensity",12,"R2B evacuation crews","integral",0.27434267019419,0.240613496165074
"moderate_intensity",13,"R2B evacuation crews","integral",0.0381549359444856,0.160685922169721
"moderate_intensity",14,"R2B evacuation crews","integral",0.0193241861979051,0.135103070192696
"moderate_intensity",15,"R2B evacuation crews","integral",0.0503226435642963,0.148227770860517
"moderate_intensity",16,"R2B evacuation crews","integral",0.0614388475099425,0.164222020807419
"moderate_intensity",17,"R2B evacuation crews","integral",0.054747221481213,0.135086287889474
"moderate_intensity",18,"R2B evacuation crews","integral",0.104022407596004,0.182632008811845
"moderate_intensity",19,"R2B evacuation crews","integral",0.036028185651015,0.152267267585695
"moderate_intensity",20,"R2B evacuation crews","integral",0.0389599997444649,0.173246695845705
"moderate_intensity",21,"R2B evacuation crews","integral",0.0622304624425741,0.154997158012742
"moderate_intensity",22,"R2B evacuation crews","integral",0.046555079688868,0.145948159153317
"moderate_intensity",23,"R2B evacuation crews","integral",0.0634966038758356,0.154562888528407
"moderate_intensity",24,"R2B evacuation crews","integral",0.0248593258642507,0.140431077358317
"moderate_intensity",25,"R2B evacuation crews","integral",0.054635857508175,0.15195446185048
"moderate_intensity",26,"R2B evacuation crews","integral",0.104138500424636,0.186915739660268
"moderate_intensity",27,"R2B evacuation crews","integral",0.0523769161668513,0.146544222477893
"moderate_intensity",28,"R2B evacuation crews","integral",0.0520849693718507,0.157782123028646
"moderate_intensity",29,"R2B evacuation crews","integral",0.0527962947557925,0.161698932915795
"moderate_intensity",30,"R2B evacuation crews","integral",0.0524341891419075,0.163763122483329
"moderate_intensity",1,"R2E evacuation sections","integral",0,0.000300615342969017
"moderate_intensity",2,"R2E evacuation sections","integral",0,0.000108050173434162
"moderate_intensity",3,"R2E evacuation sections","integral",0,0
"moderate_intensity",4,"R2E evacuation sections","integral",0,0.000212447671246355
"moderate_intensity",5,"R2E evacuation sections","integral",0,0.000175894130785579
"moderate_intensity",6,"R2E evacuation sections","integral",0,6.48987772513431e-05
"moderate_intensity",7,"R2E evacuation sections","integral",0,0.000173186604405911
"moderate_intensity",8,"R2E evacuation sections","integral",0,0.000227538817359304
"moderate_intensity",9,"R2E evacuation sections","integral",0,0.000120611247196098
"moderate_intensity",10,"R2E evacuation sections","integral",0,0
"moderate_intensity",11,"R2E evacuation sections","integral",0,5.17993837746434e-05
"moderate_intensity",12,"R2E evacuation sections","integral",0,0
"moderate_intensity",13,"R2E evacuation sections","integral",0,5.05333371357017e-05
"moderate_intensity",14,"R2E evacuation sections","integral",0,0.000219322997741205
"moderate_intensity",15,"R2E evacuation sections","integral",0,5.83684737121599e-05
"moderate_intensity",16,"R2E evacuation sections","integral",0,0.00022878083938415
"moderate_intensity",17,"R2E evacuation sections","integral",0,0.000110123433023621
"moderate_intensity",18,"R2E evacuation sections","integral",0,0.000270251052317518
"moderate_intensity",19,"R2E evacuation sections","integral",0,7.05358350130039e-05
"moderate_intensity",20,"R2E evacuation sections","integral",0,0.000133202952085801
"moderate_intensity",21,"R2E evacuation sections","integral",0,0.0004560276173809
"moderate_intensity",22,"R2E evacuation sections","integral",0,0.000189877098115632
"moderate_intensity",23,"R2E evacuation sections","integral",0,0.000231155823250312
"moderate_intensity",24,"R2E evacuation sections","integral",0,0.000180553048288438
"moderate_intensity",25,"R2E evacuation sections","integral",0,0.000220661100021761
"moderate_intensity",26,"R2E evacuation sections","integral",0,0.000176927327072154
"moderate_intensity",27,"R2E evacuation sections","integral",0,0.000125804996296585
"moderate_intensity",28,"R2E evacuation sections","integral",0,0.00011053189929998
"moderate_intensity",29,"R2E evacuation sections","integral",0,5.3614674288688e-05
"moderate_intensity",30,"R2E evacuation sections","integral",0,7.23433342326692e-05
"high_intensity",1,"PMV Ambulance fleet","shared",0.210785946784032,0.332221654548795
"high_intensity",2,"PMV Ambulance fleet","shared",0.0988092065727472,0.268817175069779
"high_intensity",3,"PMV Ambulance fleet","shared",0.458083520857223,0.328984291356445
"high_intensity",4,"PMV Ambulance fleet","shared",0.239219140774229,0.299297349864003
"high_intensity",5,"PMV Ambulance fleet","shared",0.43207453671341,0.289457989647543
"high_intensity",6,"PMV Ambulance fleet","shared",0.143238997420742,0.278632974445198
"high_intensity",7,"PMV Ambulance fleet","shared",0.156132836318798,0.289511771997864
"high_intensity",8,"PMV Ambulance fleet","shared",0.134226817684451,0.279885291967767
"high_intensity",9,"PMV Ambulance fleet","shared",0.218170336185197,0.31653493982717
"high_intensity",10,"PMV Ambulance fleet","shared",0.337349886583471,0.320864653063706
"high_intensity",11,"PMV Ambulance fleet","shared",0.248252752666545,0.355175837197969
"high_intensity",12,"PMV Ambulance fleet","shared",0.402896548196125,0.306148861650643
"high_intensity",13,"PMV Ambulance fleet","shared",0.285011674697597,0.299730157952639
"high_intensity",14,"PMV Ambulance fleet","shared",0.221104194226056,0.274007032022615
"high_intensity",15,"PMV Ambulance fleet","shared",0.066221393856665,0.276700714131398
"high_intensity",16,"PMV Ambulance fleet","shared",0.49695019188166,0.317737430782893
"high_intensity",17,"PMV Ambulance fleet","shared",0.29713340794824,0.322990779461247
"high_intensity",18,"PMV Ambulance fleet","shared",0.145456166585794,0.298813479668256
"high_intensity",19,"PMV Ambulance fleet","shared",0.105245259430673,0.292286114607444
"high_intensity",20,"PMV Ambulance fleet","shared",0.0931938076772982,0.324985056581365
"high_intensity",21,"PMV Ambulance fleet","shared",0.0690474860164142,0.287309179983521
"high_intensity",22,"PMV Ambulance fleet","shared",0.141878467725911,0.291534137988179
"high_intensity",23,"PMV Ambulance fleet","shared",0.137612329522874,0.30487497832218
"high_intensity",24,"PMV Ambulance fleet","shared",0.152095535777376,0.312042763473202
"high_intensity",25,"PMV Ambulance fleet","shared",0.1740484196526,0.310500364614362
"high_intensity",26,"PMV Ambulance fleet","shared",0.144799051046865,0.304930009403286
"high_intensity",27,"PMV Ambulance fleet","shared",0.181756607727738,0.310477246757495
"high_intensity",28,"PMV Ambulance fleet","shared",0.200905446894868,0.323873143861384
"high_intensity",29,"PMV Ambulance fleet","shared",0.281689975692077,0.304863165036377
"high_intensity",30,"PMV Ambulance fleet","shared",0.24644434184999,0.2956576502354
"high_intensity",1,"HX2 40M fleet","shared",0,0.0641248486473256
"high_intensity",2,"HX2 40M fleet","shared",0.000316018774017406,0.060811859011796
"high_intensity",3,"HX2 40M fleet","shared",0,0.0634896318026728
"high_intensity",4,"HX2 40M fleet","shared",5.53500703604242e-05,0.0597592187048803
"high_intensity",5,"HX2 40M fleet","shared",0,0.0712898805802598
"high_intensity",6,"HX2 40M fleet","shared",0,0.0598269819433168
"high_intensity",7,"HX2 40M fleet","shared",0.000181733370729579,0.0653189677751941
"high_intensity",8,"HX2 40M fleet","shared",0.000277340987385635,0.0599371143312952
"high_intensity",9,"HX2 40M fleet","shared",0,0.0632304523978417
"high_intensity",10,"HX2 40M fleet","shared",0,0.0593271707728283
"high_intensity",11,"HX2 40M fleet","shared",0,0.0551180590420985
"high_intensity",12,"HX2 40M fleet","shared",0.000282103276665482,0.0619817986360393
"high_intensity",13,"HX2 40M fleet","shared",0.000768677632263405,0.069710970034397
"high_intensity",14,"HX2 40M fleet","shared",0,0.0654430695054683
"high_intensity",15,"HX2 40M fleet","shared",0,0.0600177359605332
"high_intensity",16,"HX2 40M fleet","shared",0.000368831291107424,0.0633221443269801
"high_intensity",17,"HX2 40M fleet","shared",4.60317512696758e-05,0.0617107584446724
"high_intensity",18,"HX2 40M fleet","shared",0.000102318090595176,0.0635597049066617
"high_intensity",19,"HX2 40M fleet","shared",0,0.060338041002637
"high_intensity",20,"HX2 40M fleet","shared",0,0.0587369736296752
"high_intensity",21,"HX2 40M fleet","shared",0,0.0639688870131808
"high_intensity",22,"HX2 40M fleet","shared",0.000540645620064346,0.0575004393343061
"high_intensity",23,"HX2 40M fleet","shared",0,0.0533116627990766
"high_intensity",24,"HX2 40M fleet","shared",7.440120882682e-05,0.0608093127185437
"high_intensity",25,"HX2 40M fleet","shared",0.00038711731702795,0.0598069604821552
"high_intensity",26,"HX2 40M fleet","shared",0.00028516080799661,0.0607842190605788
"high_intensity",27,"HX2 40M fleet","shared",0,0.063596854266914
"high_intensity",28,"HX2 40M fleet","shared",0,0.0582396647992054
"high_intensity",29,"HX2 40M fleet","shared",0,0.0577469906624596
"high_intensity",30,"HX2 40M fleet","shared",0.000409426942277167,0.0725602277625904
"high_intensity",1,"R2B evacuation crews","integral",0.525428447143997,0.447021240541764
"high_intensity",2,"R2B evacuation crews","integral",0.326403108643105,0.358866993109648
"high_intensity",3,"R2B evacuation crews","integral",0.485699518015088,0.424329974714383
"high_intensity",4,"R2B evacuation crews","integral",0.405566927885928,0.434108995008915
"high_intensity",5,"R2B evacuation crews","integral",0.342588992072815,0.390608155094033
"high_intensity",6,"R2B evacuation crews","integral",0.345881039616879,0.370343109506064
"high_intensity",7,"R2B evacuation crews","integral",0.350567503584971,0.416994739089912
"high_intensity",8,"R2B evacuation crews","integral",0.320575587205108,0.367703905787304
"high_intensity",9,"R2B evacuation crews","integral",0.432756978604821,0.423307409378211
"high_intensity",10,"R2B evacuation crews","integral",0.495472697082248,0.43991961303944
"high_intensity",11,"R2B evacuation crews","integral",0.716240909884514,0.460481795708247
"high_intensity",12,"R2B evacuation crews","integral",0.516622043345342,0.419508101865014
"high_intensity",13,"R2B evacuation crews","integral",0.327041431844951,0.379299421637357
"high_intensity",14,"R2B evacuation crews","integral",0.302738169776113,0.361058768686782
"high_intensity",15,"R2B evacuation crews","integral",0.352403676974706,0.370363692491865
"high_intensity",16,"R2B evacuation crews","integral",0.607823473244324,0.43565084378176
"high_intensity",17,"R2B evacuation crews","integral",0.590161388234537,0.437251159690213
"high_intensity",18,"R2B evacuation crews","integral",0.364428280032132,0.389603506338655
"high_intensity",19,"R2B evacuation crews","integral",0.423897743341665,0.396760180441874
"high_intensity",20,"R2B evacuation crews","integral",0.421642093044488,0.44158367478483
"high_intensity",21,"R2B evacuation crews","integral",0.404986052499677,0.38378060896948
"high_intensity",22,"R2B evacuation crews","integral",0.315600293061995,0.403291149053331
"high_intensity",23,"R2B evacuation crews","integral",0.338497934258706,0.429954610785872
"high_intensity",24,"R2B evacuation crews","integral",0.396965164075614,0.430898264297226
"high_intensity",25,"R2B evacuation crews","integral",0.491065147632404,0.414601131132027
"high_intensity",26,"R2B evacuation crews","integral",0.415998819516978,0.41801981502018
"high_intensity",27,"R2B evacuation crews","integral",0.382854642779492,0.429359930729185
"high_intensity",28,"R2B evacuation crews","integral",0.383425864215776,0.436938908357574
"high_intensity",29,"R2B evacuation crews","integral",0.485420282311068,0.412478389873916
"high_intensity",30,"R2B evacuation crews","integral",0.352744741216329,0.376401263756926
"high_intensity",1,"R2E evacuation sections","integral",0,0.0040830092215536
"high_intensity",2,"R2E evacuation sections","integral",0,0.00346579238855826
"high_intensity",3,"R2E evacuation sections","integral",0,0.00350081453593789
"high_intensity",4,"R2E evacuation sections","integral",0,0.00404680615624705
"high_intensity",5,"R2E evacuation sections","integral",0.000166131975742763,0.00419543836238914
"high_intensity",6,"R2E evacuation sections","integral",0,0.00373028372569241
"high_intensity",7,"R2E evacuation sections","integral",0,0.00427943727180048
"high_intensity",8,"R2E evacuation sections","integral",0,0.00246431492835681
"high_intensity",9,"R2E evacuation sections","integral",0,0.00434332215695977
"high_intensity",10,"R2E evacuation sections","integral",0,0.00442245445182758
"high_intensity",11,"R2E evacuation sections","integral",0,0.00445561604230122
"high_intensity",12,"R2E evacuation sections","integral",0.000270697568989873,0.00365571009046227
"high_intensity",13,"R2E evacuation sections","integral",0,0.00322493347795127
"high_intensity",14,"R2E evacuation sections","integral",0.000243029857667779,0.00332223681385608
"high_intensity",15,"R2E evacuation sections","integral",0,0.00330770703872896
"high_intensity",16,"R2E evacuation sections","integral",0.000199379517874565,0.00421978127458011
"high_intensity",17,"R2E evacuation sections","integral",0,0.00341750837758652
"high_intensity",18,"R2E evacuation sections","integral",0,0.00352554275750041
"high_intensity",19,"R2E evacuation sections","integral",0.000248772123712923,0.00397675690689797
"high_intensity",20,"R2E evacuation sections","integral",0,0.00398428327671601
"high_intensity",21,"R2E evacuation sections","integral",0,0.00352092876571868
"high_intensity",22,"R2E evacuation sections","integral",0,0.00375849082115696
"high_intensity",23,"R2E evacuation sections","integral",0,0.00367719196582476
"high_intensity",24,"R2E evacuation sections","integral",0.000173326167985377,0.00344302718562752
"high_intensity",25,"R2E evacuation sections","integral",0,0.00389613226491848
"high_intensity",26,"R2E evacuation sections","integral",0,0.00417802888788806
"high_intensity",27,"R2E evacuation sections","integral",0,0.0040270265763031
"high_intensity",28,"R2E evacuation sections","integral",0,0.0045319409302664
"high_intensity",29,"R2E evacuation sections","integral",0,0.00414455243203232
"high_intensity",30,"R2E evacuation sections","integral",0,0.00358886555634034
