check,seconds
check_absent_attribute_columns.R,37
check_airlift_collapse_protocol.R,5
check_airlift_protocol.R,2
check_ame_backlog_exit.R,23
check_analysis_decomposition.R,6
check_analysis_idempotence.R,74
check_arrival_rate_fidelity.R,12
check_baseline_reproduction.R,37
check_bed_queue_coverage.R,27
check_capacity_sweep_protocol.R,7
check_censored_interval_estimation.R,22
check_ci_apt_guards.R,2
check_ci_check_table.R,2
check_composition_ilr.R,8
check_config_restore.R,18
check_console_bindings.R,20
check_convalescence_invariance.R,49
check_definitive_repair_release.R,150
check_dow_calibration.R,2702
check_env_data_summary.R,6
check_forward_hold_switch.R,60
check_hold_episode_reconstruction.R,43
check_hold_window_protocol.R,7
check_holding_occupancy_split.R,45
check_icu_gate_protocol.R,7
check_icu_gate_switch.R,120
check_icu_time_conservation.R,120
check_input_validation.R,16
check_lever_realisation.R,28
check_lint.R,92
check_long_horizon_protocol.R,40
check_long_horizon_warmup.R,8
check_markdown.R,6
check_mass_casualty_kia_split.R,41
check_mass_casualty_protocol.R,7
check_measurement_reproducibility.R,175
check_morris_baseline.R,8
check_planning_implications.R,8
check_policy_sweep_protocol.R,22
check_pre_open_window.R,39
check_r2e_surgery_seizure.R,16
check_references.R,5
check_replication_independence.R,68
check_replication_loss_reporting.R,19
check_replication_memory.R,25
check_results_tables.R,9
check_role4_surgical_demand.R,169
check_role4_ward_phases.R,9
check_roxygen.R,5
check_scenario_labels.R,7
check_scenario_protocol.R,8
check_screen_cache.R,7
check_screen_order.R,159
check_sensitivity_protocol.R,3
check_structure_tables.R,5
check_testthat.R,96
check_time_series_figures.R,6
