"response","comparison","rank_a","rank_b","difference","lower","upper","se","p_a_gt_b","separated","within_unordered_group","n_for_separation"
"r2e_ot_q","casualty_surge_rate - casualty_surge_max_cas",1,2,0.524969464037179,0.359185393416324,0.691208456618837,0.0828178521783133,1,TRUE,FALSE,NA
"r2e_ot_q","casualty_surge_max_cas - pri1_surg_prob",2,3,0.0666370182072372,-0.0800845479932514,0.22200932543687,0.0780207562325403,0.8075,FALSE,FALSE,4213
"r2e_ot_q","pri1_surg_prob - pri1_evac_prob",3,4,0.0635766513138183,-0.120727298321143,0.241011099018983,0.0941976544067788,0.7515,FALSE,TRUE,6747
"r2e_ot_q","pri1_evac_prob - pri1_dcs_rate",4,5,0.0320416469770266,-0.0809700809309557,0.142551931781846,0.0570818182277691,0.706,FALSE,TRUE,9754
"r2e_ot_q","pri1_dcs_rate - casualty_surge_kia_fraction",5,6,0.00713650603875962,-0.107611103562907,0.119812771713751,0.0585466470628911,0.5485,FALSE,TRUE,206841
"r2e_ot_q","casualty_surge_kia_fraction - mc_p2_p3_balance",6,7,0.0356227802042695,-0.0765968935325285,0.147561814442799,0.0564383152050778,0.7425,FALSE,TRUE,7715
"r2e_ot_q","mc_p2_p3_balance - mc_p1_balance",7,8,0.0249454457439856,-0.0909738923225548,0.129066512810374,0.0559147461400376,0.678,FALSE,TRUE,15441
"r2e_ot_q","casualty_surge_rate - zero",1,NA,0.791001555983325,0.666702475711445,0.910746501383082,0.0628039686269062,1,TRUE,FALSE,NA
"r2e_ot_q","casualty_surge_max_cas - zero",2,NA,0.266032091946146,0.165826339117977,0.361792738030985,0.0507512695035819,1,TRUE,FALSE,NA
"r2e_ot_q","pri1_surg_prob - zero",3,NA,0.199395073738909,0.0405143752384652,0.334377839183595,0.075505955340306,0.9945,TRUE,FALSE,NA
"r2e_ot_q","pri1_evac_prob - zero",4,NA,0.13581842242509,0.0290540936349287,0.231525548054695,0.0525285605831506,0.9925,TRUE,FALSE,NA
"r2e_ot_q","pri1_dcs_rate - zero",5,NA,0.103776775448064,0.0364620961371646,0.167233978720252,0.0332656064550442,0.9995,TRUE,FALSE,NA
"r2e_ot_q","casualty_surge_kia_fraction - zero",6,NA,0.096640269409304,-0.0160343376686584,0.204437573839634,0.0573392678396496,0.9485,FALSE,FALSE,NA
"r2e_ot_q","mc_p2_p3_balance - zero",7,NA,0.0610174892050345,0.00741662325532422,0.111384977599103,0.0276191355028011,0.9845,TRUE,FALSE,NA
"r2e_ot_q","mc_p1_balance - zero",8,NA,0.0360720434610489,-0.0572680542941923,0.142944702088865,0.050819437962088,0.7615,FALSE,FALSE,NA
"system_ot_q","casualty_surge_rate - casualty_surge_max_cas",1,2,0.524969464037179,0.366010510177697,0.687165100615068,0.0818623721194739,1,TRUE,FALSE,NA
"system_ot_q","casualty_surge_max_cas - pri1_surg_prob",2,3,0.0666370182072372,-0.0743485127710888,0.226560396282514,0.0784502978894137,0.813,FALSE,FALSE,4260
"system_ot_q","pri1_surg_prob - pri1_evac_prob",3,4,0.0635766513138183,-0.118621969233787,0.253581917332191,0.0947157637299564,0.741,FALSE,TRUE,6822
"system_ot_q","pri1_evac_prob - pri1_dcs_rate",4,5,0.0320416469770266,-0.0822589298346488,0.138286795388254,0.0565985447516241,0.7085,FALSE,TRUE,9590
"system_ot_q","pri1_dcs_rate - casualty_surge_kia_fraction",5,6,0.00713650603875962,-0.10503439539506,0.112388139124483,0.0558822024500859,0.5645,FALSE,TRUE,188443
"system_ot_q","casualty_surge_kia_fraction - mc_p2_p3_balance",6,7,0.0356227802042695,-0.0679890561276217,0.142893968327009,0.0545861055209299,0.7285,FALSE,TRUE,7217
"system_ot_q","mc_p2_p3_balance - mc_p1_balance",7,8,0.0249454457439856,-0.0934705898956476,0.126620787881873,0.0554331030549791,0.67,FALSE,TRUE,15177
"system_ot_q","casualty_surge_rate - zero",1,NA,0.791001555983325,0.663303746386243,0.912720114572218,0.0622483752420129,1,TRUE,FALSE,NA
"system_ot_q","casualty_surge_max_cas - zero",2,NA,0.266032091946146,0.165130415402226,0.366362850526648,0.0509596863485536,1,TRUE,FALSE,NA
"system_ot_q","pri1_surg_prob - zero",3,NA,0.199395073738909,0.037986574985997,0.334009439459086,0.0768861149891134,0.9925,TRUE,FALSE,NA
"system_ot_q","pri1_evac_prob - zero",4,NA,0.13581842242509,0.0274044767172013,0.233367842037811,0.0531476648224807,0.994,TRUE,FALSE,NA
"system_ot_q","pri1_dcs_rate - zero",5,NA,0.103776775448064,0.0401865443169741,0.163233025948086,0.0324489062335682,0.999,TRUE,FALSE,NA
"system_ot_q","casualty_surge_kia_fraction - zero",6,NA,0.096640269409304,-0.0112423880900356,0.203517376478235,0.0551430695006613,0.9575,FALSE,FALSE,NA
"system_ot_q","mc_p2_p3_balance - zero",7,NA,0.0610174892050345,0.00841486337850047,0.113264209560147,0.0271848313328061,0.9885,TRUE,FALSE,NA
"system_ot_q","mc_p1_balance - zero",8,NA,0.0360720434610489,-0.0549429777289272,0.13780941789752,0.0492628848991927,0.7775,FALSE,FALSE,NA
"transport_util","casualty_surge_rate - casualty_surge_max_cas",1,2,0.59798790247158,0.105538414170168,1.07888107748293,0.24569665549308,0.9905,TRUE,FALSE,NA
"transport_util","casualty_surge_max_cas - pri1_evac_prob",2,3,0.00650542711875862,-0.338208436701493,0.369883428161285,0.181960340532479,0.5105,FALSE,FALSE,2404385
"transport_util","pri1_evac_prob - pri1_surg_prob",3,4,0.0184409529695611,-0.281263156568901,0.345286616738095,0.156135713263726,0.554,FALSE,TRUE,220313
"transport_util","pri1_surg_prob - pri1_dcs_rate",4,5,0.102085345368947,-0.180539968618501,0.379669086638085,0.141263375263469,0.7685,FALSE,TRUE,5885
"transport_util","pri1_dcs_rate - mc_p2_p3_balance",5,6,0.305396889626491,0.0326312501394054,0.560646963497151,0.136206117777582,0.9835,TRUE,TRUE,NA
"transport_util","mc_p2_p3_balance - mc_p1_balance",6,7,0.0040508994462427,-0.148729212198436,0.158335176991645,0.0772900311043888,0.5095,FALSE,TRUE,1118784
"transport_util","mc_p1_balance - casualty_surge_kia_fraction",7,8,0.0602585492505556,-0.125546960616996,0.252607358051993,0.0955415948062069,0.7325,FALSE,TRUE,7726
"transport_util","casualty_surge_rate - zero",1,NA,1.03055635622687,0.572962051338815,1.48196050786312,0.235498709993608,1,TRUE,FALSE,NA
"transport_util","casualty_surge_max_cas - zero",2,NA,0.432568453755295,0.166778015883729,0.683505762388178,0.132830654704471,0.9985,TRUE,FALSE,NA
"transport_util","pri1_evac_prob - zero",3,NA,0.426063026636536,0.125498449130621,0.709463316761719,0.14861987442884,0.996,TRUE,FALSE,NA
"transport_util","pri1_surg_prob - zero",4,NA,0.407622073666975,0.132015488884831,0.659273241764036,0.136069998731446,0.997,TRUE,FALSE,NA
"transport_util","pri1_dcs_rate - zero",5,NA,0.305536728298028,0.0437625250459575,0.551271390783368,0.130852084821457,0.988,TRUE,FALSE,NA
"transport_util","mc_p2_p3_balance - zero",6,NA,0.000139838671537401,-0.128256051403391,0.132785132920647,0.0666478380773224,0.491,FALSE,FALSE,NA
"transport_util","mc_p1_balance - zero",7,NA,-0.0039110607747053,-0.137694029750524,0.132328055226401,0.0685377821910203,0.471,FALSE,FALSE,NA
"transport_util","casualty_surge_kia_fraction - zero",8,NA,-0.0641696100252609,-0.249562697422069,0.106410527093005,0.0909611020367688,0.2435,FALSE,FALSE,NA
