"replication","event_id","event_start","event_end","n_cas","n_kia","n_wia","event_day"
1,1,10028.0353358296,10180.4542111841,50,17,33,7
1,2,14368.0460603722,14474.4142229582,42,8,34,10
1,3,19891.2471002649,19998.6056637175,59,13,46,14
1,4,25452.9781719672,25599.6867958046,22,5,17,18
1,5,25456.9931162194,25555.5279961719,24,8,16,18
1,6,28617.700442546,28736.4040226477,56,11,45,20
1,7,35434.9328955521,35559.8444759403,30,12,18,25
1,8,48153.6787491452,48299.7902385053,22,6,16,34
1,9,51325.030639528,51429.5183860609,41,9,32,36
1,10,55131.4195064998,55270.3638930249,55,18,37,39
1,11,61277.0392818939,61350.3784603253,24,7,17,43
1,12,67685.8500147914,67797.2106197102,53,16,37,48
1,13,76844.773648185,76971.6412146425,38,11,27,54
1,14,80455.7819440537,80578.3168109587,58,16,42,56
1,15,98568.9656925022,98662.2187701685,56,16,40,69
1,16,122224.228997803,122354.26781706,59,15,44,85
1,17,124138.181307844,124223.126842091,59,17,42,87
1,18,133420.25347084,133508.856029209,39,14,25,93
1,19,150265.570696804,150342.945047592,39,17,22,105
1,20,156927.943723466,157048.640901454,36,10,26,109
1,21,164113.579008136,164244.58617222,36,13,23,114
1,22,184063.267367635,184167.651061517,21,5,16,128
1,23,197746.484320015,197876.586141467,23,9,14,138
1,24,203990.133983237,204074.525355711,21,8,13,142
1,25,216394.281011659,216518.880286035,21,6,15,151
1,26,217265.831387505,217393.660745569,31,10,21,151
1,27,227671.703216535,227780.504431789,33,11,22,159
1,28,234714.066198676,234809.311235133,35,6,29,163
1,29,235868.743532771,235957.384032247,24,8,16,164
1,30,236466.517396986,236561.864611915,59,20,39,165
1,31,240960.875358486,241106.089208403,30,9,21,168
1,32,251839.871589881,251955.167260822,30,11,19,175
1,33,261360.673188657,261427.784390866,31,8,23,182
1,34,273597.988456188,273691.38071369,51,12,39,190
1,35,274940.923484022,275062.646702384,41,6,35,191
1,36,295786.698544115,295852.604777764,56,18,38,206
1,37,298293.695034757,298385.220034116,51,11,40,208
1,38,299461.175075691,299576.39903732,28,11,17,208
1,39,308601.079205517,308715.046272938,33,8,25,215
1,40,311424.597499887,311544.305583426,56,19,37,217
1,41,322285.216334431,322364.154509282,21,3,18,224
1,42,325895.519835736,326021.396178148,59,13,46,227
1,43,334067.948191781,334150.089608868,54,13,41,232
1,44,344835.259993365,344944.131043836,41,8,33,240
1,45,346332.973361227,346453.576506491,54,13,41,241
1,46,346545.811538588,346700.824754978,39,11,28,241
1,47,347595.800252632,347707.277240866,31,7,24,242
1,48,355805.048207138,355917.135825498,60,14,46,248
1,49,375464.912916063,375580.536580918,57,17,40,261
1,50,381223.09902188,381311.246830697,52,17,35,265
1,51,387850.613276799,387965.814410373,35,5,30,270
1,52,389430.323264242,389566.450338267,58,18,40,271
1,53,394948.654869005,395064.413801665,26,5,21,275
1,54,396372.095682339,396490.435314981,58,15,43,276
1,55,400701.346811635,400825.963292487,46,15,31,279
1,56,403449.663657791,403576.647079322,36,10,26,281
1,57,404335.931352504,404481.591004927,57,27,30,281
1,58,405821.3229729,405930.054784136,24,10,14,282
1,59,415241.164335485,415325.921170198,43,12,31,289
1,60,419063.550669642,419163.624907622,40,12,28,292
1,61,422909.051659434,423052.140347616,32,8,24,294
1,62,427621.33404128,427757.894478955,48,14,34,297
1,63,431637.364546956,431725.778037895,58,21,37,300
1,64,432694.139376661,432833.207046142,56,12,44,301
1,65,445230.511225486,445374.765287543,55,15,40,310
1,66,451689.896491546,451831.580288005,40,14,26,314
1,67,463089.146599296,463200.385994724,39,13,26,322
1,68,473631.428619108,473712.342266634,50,15,35,329
1,69,491643.127058476,491772.04776079,42,7,35,342
1,70,505939.063956056,506008.09896676,50,19,31,352
1,71,508681.892206279,508814.236696203,57,18,39,354
1,72,510840.803253941,510956.886302013,45,17,28,355
