"rate_per_day","total_casualties","n_events","n_ordinary","dow_ordinary","n_event","dow_event","size","max_event_size","peak_queue_1","peak_queue_2","peak_queue_3","peak_queue_4","replication"
0,12426,0,12426,295,0,0,0,0,171.311595638966,749.317376522347,1670.99999999999,645.623953721672,1
0,12364,0,12364,276,0,0,0,0,233.652733508738,593.368150058265,1660.99999999993,572.202966274942,2
0,13110,0,13110,280,0,0,0,0,144.486941475977,917.928944534063,1688.07503352143,831.255808272461,3
0,12705,0,12705,293,0,0,0,0,149.440933707145,855.114971014485,1732.00000000006,642.916339732707,4
0,12668,0,12668,296,0,0,0,0,146.448781335936,746.656655117249,1670.00000000004,636.581551846862,5
0,12103,0,12103,285,0,0,0,0,129.218984759746,574.063507540897,1644.60959522605,570.879163465401,6
0,12195,0,12195,267,0,0,0,0,135.854253514701,595.095301747074,1574.83150241235,526.875909404519,7
0,12198,0,12198,260,0,0,0,0,142.440569818338,345.506402329604,1683.99999999979,703.073159863924,8
0,11742,0,11742,262,0,0,0,0,139.215004401266,381,1671.22808334603,574.772257678335,9
0,12269,0,12269,257,0,0,0,0,116.204212173649,504.590875685712,1679.61562932725,667.828521141162,10
0,13145,0,13145,321,0,0,0,0,160.912906951224,865.129756826162,1725.00000000004,743.509581302727,11
0,12140,0,12140,262,0,0,0,0,195.849404432128,404.770359300946,1640.4266302794,733.350253619999,12
0,12510,0,12510,259,0,0,0,0,141.327368320369,728.8296361881,1658.00000000001,625.531633898119,13
0,12223,0,12223,257,0,0,0,0,131.561518082345,373.687495544056,1702.93646123012,731.511906672393,14
0,12003,0,12003,276,0,0,0,0,152.322070119282,522.103423139391,1690.00000000001,539.941548020393,15
0,12583,0,12583,277,0,0,0,0,160.686580801705,700.18300307182,1665.34183006822,616.357235529895,16
0,12267,0,12267,279,0,0,0,0,232.407055455144,458.880189002864,1634.04040854326,631.490011346961,17
0,12483,0,12483,268,0,0,0,0,104.000000000004,569.503161302581,1692.56110527877,747.196138638382,18
0,12565,0,12565,290,0,0,0,0,148.603135216624,618.02450483876,1724.0000000001,604.208682755878,19
0,12401,0,12401,280,0,0,0,0,117.135329985192,608.029565605583,1670.45215833771,625.332997347042,20
0,12389,0,12389,266,0,0,0,0,164.818247760244,547.8785369051,1581.99999999997,735.786518488328,21
0,12172,0,12172,273,0,0,0,0,162.866185419347,495.080195228942,1721,620.56446233727,22
0,12553,0,12553,286,0,0,0,0,164,731.191775120298,1690.7370841147,671.626351645216,23
0,12862,0,12862,306,0,0,0,0,165.628599932169,875.290527085091,1686.05162923085,565.255131697158,24
0,12396,0,12396,276,0,0,0,0,212.71803288438,649.551695059046,1648.19480935755,588.912013547247,25
0,12154,0,12154,279,0,0,0,0,137.371616559189,524.910870690601,1629.46356207383,491,26
0,12788,0,12788,276,0,0,0,0,117.655304404919,785.539456813036,1633.99999999999,545.908101637786,27
0,12583,0,12583,279,0,0,0,0,82.6721936967806,673.755404733494,1680.68711764494,680.47960673819,28
0,12309,0,12309,277,0,0,0,0,159.260745069866,642.310122549161,1634.19939150368,637.049397320052,29
0,11979,0,11979,270,0,0,0,0,147.609089669832,536.772168144211,1585.9999999999,734.762204404672,30
0.2,12914,91,12012,289,902,22,10,10,137.971078407147,695.267290608957,1683.38604467406,719.535813279202,1
0.2,12771,84,11931,278,840,20,10,10,142.603045410477,851,1642.35596174511,658.352988320962,2
0.2,13472,69,12782,272,690,16,10,10,119.169595595077,1009.06895649011,1686.99999999989,839.850996949399,3
0.2,12789,65,12139,260,650,12,10,10,154.051552781784,690.169793497895,1633.00000000006,685.535232631986,4
0.2,12681,66,12021,277,660,16,10,10,108.540241591291,623.633265034234,1627.90510321071,690.24947236677,5
0.2,12460,64,11820,265,640,16,10,10,160,635.946234004199,1592.67094489322,692.881097702185,6
0.2,12841,65,12191,268,650,15,10,10,155,787.550179718435,1767.00000000014,609.083600823333,7
0.2,13564,85,12714,297,850,18,10,10,219.500206541123,1045.98006098246,1690.01420567954,733.422966954112,8
0.2,12628,73,11898,270,730,20,10,10,117.144598988855,691.921136668821,1667.87992983816,638.205150513103,9
0.2,12696,72,11976,286,720,22,10,10,215.015988202013,791.547174889843,1596.49807840729,738.5779991587,10
0.2,13197,80,12397,289,800,12,10,10,150,795.048721399903,1690.39648005559,721.858820391074,11
0.2,12346,75,11594,237,752,13,10,10,172.739882456597,567.850113119061,1682.34221288975,558.335662836085,12
0.2,13054,75,12304,297,750,23,10,10,141.197208159518,750.583082096396,1732.00000000013,715.2870036417,13
0.2,13123,72,12403,312,720,14,10,10,159,991.903487392391,1661.00269805421,549.042117412016,14
0.2,12890,72,12170,269,720,22,10,10,104.436044053601,684.654465412126,1651.99999999985,672.293792459245,15
0.2,13411,59,12821,275,590,14,10,10,115.689115328272,1061.46645299569,1680.18847582224,726.575373633454,16
0.2,12967,78,12187,282,780,17,10,10,119.022799196118,831,1678.00000000012,645.40588917546,17
0.2,12962,82,12142,254,820,20,10,10,180.830279562114,807.08215467371,1637.19012007642,771.496717231348,18
0.2,13229,74,12489,330,740,20,10,10,118.69198018928,837.984196364755,1688.99999999998,662.171326949572,19
0.2,12954,70,12254,258,700,18,10,10,148.704566061676,699.486378585547,1700.29659722605,678.327000517647,20
0.2,12780,76,12020,282,760,21,10,10,207.325064286675,674.485243150592,1652.02225588581,715.63172791861,21
0.2,13036,66,12375,299,661,17,10,10,209.349595167333,787.703243896117,1743.26650740939,605.763511368756,22
0.2,12875,64,12235,278,640,19,10,10,171.771634744325,780.605397600556,1634.54714189697,661.750457523887,23
0.2,13141,68,12461,306,680,16,10,10,161.07026332904,815.947386291251,1688.17930736065,687.978057389582,24
0.2,12753,74,12013,266,740,19,10,10,220.529930791104,701.58243651775,1705.51926271471,623.651725741103,25
0.2,12927,61,12317,269,610,15,10,10,91.6776231016847,707.840870670779,1700.99999999985,684.659272875637,26
0.2,13161,77,12391,315,770,21,10,10,202.863268027649,875.54898745728,1746.00000000001,645.712862521037,27
0.2,12847,71,12137,296,710,14,10,10,211.092104021852,804.028235151122,1707.80919205126,634.374326042831,28
0.2,13306,74,12566,276,740,19,10,10,189.247907437722,907.959933892638,1673.00000000004,645.358955085774,29
0.2,12959,72,12239,242,720,25,10,10,97.1081626141211,844.507495270049,1604.00000000007,718.296988387903,30
0.2,13604,91,11795,228,1809,42,20,20,171.363091625196,833.751395730923,1687.1909427557,731.835862144952,1
0.2,13582,84,11902,269,1680,49,20,20,151.924207473577,1009.79158413187,1679.9999999999,680.034125361716,2
0.2,13668,69,12288,271,1380,29,20,20,245.355336689235,1102.52550100572,1759.00000000004,749.85985429436,3
0.2,13850,65,12550,301,1300,36,20,20,158.206649656951,1030.51285786976,1623.78409380313,804.758118708308,4
0.2,13044,66,11724,246,1320,34,20,20,236.345247957615,726.588014640411,1661.99999999993,578.47699045452,5
0.2,13227,64,11947,294,1280,41,20,20,159.615391308531,922.688430682446,1676.11895143951,703.898985139281,6
0.2,14021,65,12721,321,1300,30,20,20,167.904779870925,1206,1715.20608073051,760.015248364707,7
0.2,14150,85,12450,304,1700,52,20,20,135.628869908819,1361.76043671448,1667.71820330857,772.000000000124,8
0.2,13436,73,11976,237,1460,37,20,20,128,989.395615807424,1670.48522636097,763.476280170927,9
0.2,13586,72,12146,272,1440,37,20,20,186.849174333845,902.413537680606,1823.8381290288,888.697505800302,10
0.2,14444,80,12844,292,1600,47,20,20,190.471164232881,1384.13933433982,1763.46781098567,684.140485372394,11
0.2,14138,75,12637,291,1501,40,20,20,186.04884207844,1299.97837743784,1710.10905916137,692.305666974311,12
0.2,14082,75,12582,304,1500,46,20,20,178.379301870397,1145.6823720783,1636.94919705173,855.410593276968,13
0.2,13624,72,12184,263,1440,44,20,20,165.670109861259,831.264185889562,1783.33048729181,782.097218534847,14
0.2,13612,72,12172,243,1440,28,20,20,294.999999999999,1147.68040791253,1670.90435638028,714.097743078197,15
0.2,13456,59,12276,288,1180,32,20,20,151.551943696232,779.839352919037,1711.00000000009,700.15791483211,16
0.2,13611,78,12051,289,1560,45,20,20,272.667963823171,1026.20065636933,1645.05206935296,845.291446645185,17
0.2,14337,82,12697,272,1640,39,20,20,175.74299141878,1446.71525571918,1667.93592942154,675.149021398028,18
0.2,13443,74,11963,287,1480,45,20,20,170.41737924451,976.328034253664,1689.33703310895,707.833496848494,19
0.2,13560,70,12160,290,1400,42,20,20,140.889495014752,982.528450914597,1707.32002193966,667.794802586859,20
0.2,13574,76,12054,248,1520,34,20,20,154.839750030598,920.465686647346,1778.00000000006,800.065335969751,21
0.2,13616,66,12302,298,1314,36,20,20,168.786121819168,1102.8805202463,1717.46753162466,723.805389691765,22
0.2,13651,64,12371,301,1280,37,20,20,171.578905815173,953.78752275457,1745.00000000003,775.525508393596,23
0.2,14014,68,12652,280,1362,41,20,20,131.860865924973,1331.61477212583,1653.02094280802,776.176111364986,24
0.2,13791,74,12311,289,1480,29,20,20,168.730402803615,1145.57161969468,1724.32572280634,710.6353079771,25
0.2,13164,61,11944,275,1220,34,20,20,160.332262222942,763.643501393994,1693.57519793242,683.290782632555,26
0.2,14252,77,12712,296,1540,43,20,20,220,1179.27635327478,1698.99999999993,854.272750201946,27
0.2,13725,71,12305,271,1420,35,20,20,175.669705852276,1090.5004602878,1634.67571920915,590.381512793402,28
0.2,13581,74,12101,281,1480,51,20,20,234.061594425763,1219.19131783769,1681,661.587238775815,29
0.2,13964,72,12524,281,1440,39,20,20,154.973060396189,1081.45292438453,1648.00000000014,749.780165381481,30
0.2,15454,91,11847,270,3607,86,40,40,173,1742.84086668019,1628.08384098852,937.812209932134,1
0.2,15883,84,12523,288,3360,80,40,40,164.937967084333,1953.29245641175,1653.80946974294,846.170181163897,2
0.2,14671,69,11911,274,2760,78,40,40,206.999999999998,1395.55281379968,1719.40328564877,866.861111528551,3
0.2,14363,65,11763,266,2600,87,40,40,228.000000000008,1402.91601250925,1662.62476615633,786.146647501861,4
0.2,15006,66,12366,287,2640,66,40,40,198.780786232383,1531.13748162969,1748.99999999981,856.368399091313,5
0.2,14685,64,12125,278,2560,83,40,40,157.231581505761,1314.08613983777,1707.56131858195,785.898891221235,6
0.2,14716,65,12116,306,2600,69,40,40,219.05242049514,1452.86153741985,1731.33415548669,860.563348713145,7
0.2,15200,85,11800,250,3400,103,40,40,361.353011629932,1579.56554433058,1679.99999999982,850.170321655894,8
0.2,14911,73,11991,282,2920,76,40,40,197.830559873775,1445.10339195505,1731.87266219472,725.127533810462,9
0.2,15251,72,12371,299,2880,69,40,40,135.265528301771,1582.6819475549,1756.00000000003,839.090331456562,10
0.2,15117,80,11917,279,3200,77,40,40,209.28779556922,1610.80161404982,1653.92209999913,958.745571651931,11
0.2,14824,75,11817,247,3007,89,40,40,155.230202157811,1497.07622152343,1690.99999999987,804.668357103442,12
0.2,15031,75,12031,292,3000,69,40,40,189.467977898847,1492.86884198489,1771.20932672869,807.629906976471,13
0.2,15185,72,12305,275,2880,82,40,40,165.389304532468,1548.13985327209,1726.32044486122,777.907646422461,14
0.2,14933,72,12052,275,2881,68,40,40,188.074960072013,1465.94435807591,1665.81713497941,858.244969972596,15
0.2,14716,59,12356,230,2360,58,40,40,146.98634529848,1434.28888667201,1699.80862651862,783.417722673963,16
0.2,15847,78,12727,303,3120,87,40,40,213.885057674026,1875.49229554245,1706.09846749513,856.028671589494,17
0.2,15390,82,12110,296,3280,100,40,40,234,1505.60395943771,1656.73585707623,1011.43840542448,18
0.2,14732,74,11768,266,2964,74,40,40,180.160754379065,1446.00000000025,1648,887.050410598144,19
0.2,14327,70,11527,273,2800,79,40,40,234.331159866229,1265.03290311669,1783.99999999993,691.451815952857,20
0.2,15314,76,12274,257,3040,75,40,40,201.723075691983,1569.31275978412,1763.00000000009,820.228506470099,21
0.2,13821,66,11201,241,2620,77,40,40,204.926146101905,1001.14638119775,1719.99999999991,619.023608243465,22
0.2,14737,64,12177,268,2560,69,40,40,148.688245194382,1654.95690918599,1616.54574584445,827.621339608232,23
0.2,15075,68,12351,290,2724,84,40,40,239.572650748693,1613.46788107182,1770.00000000015,652.329353501524,24
0.2,14934,74,11974,287,2960,93,40,40,140,1459.41238925184,1715.69295656251,948.359304955353,25
0.2,14262,61,11822,265,2440,66,40,40,103.151415843404,1229.57579393213,1672,774.497240916267,26
0.2,15766,77,12686,298,3080,83,40,40,191.231496191995,1810.22335209921,1690.7809679054,957.389112950241,27
0.2,14288,71,11448,226,2840,80,40,40,146.213473810052,1166.18335760484,1659.91247103819,857.831673077121,28
0.2,15382,74,12422,265,2960,80,40,40,182.831350189618,1546.80558667332,1729.99999999995,822.522707953552,29
0.2,15490,72,12609,291,2881,80,40,40,226.634074206472,1741.35684601888,1664,887.016312375292,30
0.2,17157,91,11748,237,5409,156,60,60,212.553612001205,2152.71019922495,1775.22059496518,879.653396741549,1
0.2,16713,84,11673,280,5040,135,60,60,263.058619406967,1964.51190231318,1794.63951860048,830.805836001287,2
0.2,16558,69,12418,289,4140,125,60,60,230.052414561187,2021.44522272895,1819,885.699259483193,3
0.2,16016,65,12116,248,3900,111,60,60,184.920937496455,1711,1727.07743945048,910.640386334434,4
0.2,15769,66,11809,254,3960,104,60,60,140.783061004931,1729.87997680191,1675.1368299824,1017.30245195813,5
0.2,16120,64,12280,298,3840,92,60,60,171.909355609627,1974,1761.44065386686,954.635996813948,6
0.2,16078,65,12178,289,3900,123,60,60,194.535904421934,1974.61890496713,1779,809.684173957507,7
0.2,16914,85,11813,247,5101,151,60,60,262.687702948256,2000.65666630765,1737.99999999997,979.897439881538,8
0.2,16087,73,11707,259,4380,141,60,60,156.929342101499,1842.60117713213,1657.00000000001,987.290097348516,9
0.2,15865,72,11545,248,4320,121,60,60,246.505200004453,1705.35505083626,1719.6630823158,873,10
0.2,16251,80,11451,273,4800,136,60,60,151.650156290263,1982.82791658615,1752.54218988407,864.798935514316,11
0.2,16899,75,12395,305,4504,126,60,60,172.897531638915,2092.35509475395,1811.74039813309,1003.23808036447,12
0.2,16599,75,12098,286,4501,134,60,60,294.153820643776,2104.2115074857,1758.66115926952,854.039091747875,13
0.2,16642,72,12322,285,4320,119,60,60,252.188954663587,2180.30962247898,1758.99999999994,890.175320742528,14
0.2,16119,72,11799,252,4320,111,60,60,250.605450418902,1904.97655661518,1695.88763874702,832.81211576884,15
0.2,15623,59,12083,280,3540,123,60,60,234,1739.56303019458,1814.00000000017,660.187309699381,16
0.2,16537,78,11857,246,4680,122,60,60,145.983690342152,2200.70695008098,1772.83818500206,712.821186018611,17
0.2,17403,82,12483,332,4920,135,60,60,162.502720259057,2600.4254838051,1744.98131079644,889.554128384714,18
0.2,15933,74,11490,268,4443,137,60,60,185.697310530775,1688.58028593163,1633.78021864764,934.620278191939,19
0.2,16436,70,12236,270,4200,120,60,60,168.733710431948,2119.62469950368,1647,920.646941049149,20
0.2,15922,76,11362,243,4560,129,60,60,183.079449436239,1837.90684423673,1810.22968581342,834.041040506462,21
0.2,15301,66,11367,222,3934,126,60,60,179.446538241968,1550.80237565663,1693.64550143048,912.918553861355,22
0.2,15544,64,11704,293,3840,105,60,60,174.608064581508,1656.05421344545,1685.9412089992,810.064483606443,23
0.2,16149,68,12067,307,4082,119,60,60,162,1855.28033784628,1755.06240239122,868.60661432979,24
0.2,15748,74,11308,237,4440,145,60,60,133.335576273676,1595.41819040604,1677.41849676331,1018.93862998088,25
0.2,15959,61,12299,292,3660,100,60,60,133.749757199183,1944.8834756322,1736.69999851779,902,26
0.2,16834,77,12214,309,4620,135,60,60,320.604998076932,2180.75729168439,1721.99999999992,853.994753786052,27
0.2,15833,71,11572,266,4261,121,60,60,196.644350348718,1805.69978996962,1753.00000000001,822.00460342144,28
0.2,17061,74,12621,302,4440,129,60,60,210.115158763186,2266.85300954383,1686.25634316852,1036.6147862638,29
0.2,15741,72,11417,295,4324,114,60,60,258.075846574524,1795.82738736197,1696.00000000009,786.854291206598,30
0.2,19879,91,11770,303,8109,225,90,90,259.882689790373,3297.90784589007,1723.00000000025,1200.25512852768,1
0.2,18651,84,11091,267,7560,249,90,90,177.322100040324,2668.47274774512,1825.61735118738,983.068094906211,2
0.2,18011,69,11801,316,6210,166,90,90,273,2626.07978548656,1734.77517265678,927.451520075525,3
0.2,17488,65,11638,287,5850,181,90,90,212,2297.68185728267,1757.46757065525,984.558417009686,4
0.2,17776,66,11836,271,5940,189,90,90,190.102311594668,2530.9999999995,1665.30372209943,1072.42495662446,5
0.2,17048,64,11288,274,5760,175,90,90,206.209734656526,2106.48019923121,1744.88499972955,955.456259852648,6
0.2,17783,65,11930,269,5853,168,90,90,273.147867062983,2514.9562521863,1706.50757152015,980.000000000124,7
0.2,19558,85,11907,312,7651,225,90,90,268.227752792323,2989.93597894087,1743.25928367668,1127.69792510544,8
0.2,18932,73,12362,327,6570,183,90,90,363.311862343581,3005.19711095641,1717.00000000004,1218.10806046252,9
0.2,18085,72,11605,275,6480,192,90,90,201.638817997927,2473.05862394621,1794.99548114505,966.571801798046,10
0.2,18811,80,11611,246,7200,238,90,90,281.520113749119,2993.63771520456,1708.00000000015,1066.7566557087,11
0.2,18709,75,11956,263,6753,176,90,90,221.834649546507,2638.5865029767,1769.03504692297,1213.18757216955,12
0.2,18560,75,11808,277,6752,224,90,90,248.878044786785,2680.3035790245,1718.00000000009,1006.217279861,13
0.2,17937,72,11457,274,6480,185,90,90,322.460767745522,2645.17675950704,1669.82283471553,892.361888640746,14
0.2,17399,72,10919,264,6480,172,90,90,366.631605946079,2441.72389338066,1777.00000000018,852.723156763986,15
0.2,17195,59,11885,258,5310,144,90,90,167.681843488632,2520.80698759407,1696.41195589813,920.407779972504,16
0.2,18801,78,11781,284,7020,192,90,90,220.830064623337,3028.1099118435,1751.00000000003,1019.46407836477,17
0.2,19025,82,11645,271,7380,210,90,90,200.012134469099,2822.01156402032,1697.78858781445,1184.46298496028,18
0.2,18152,74,11491,248,6661,217,90,90,148.462808242603,2692.01494812171,1742.00000000004,981.36372515435,19
0.2,19037,70,12737,293,6300,191,90,90,342.897105932593,3033.27728500068,1885.00000000015,970.538345596194,20
0.2,18213,76,11373,268,6840,217,90,90,210.546457331302,2767.397081202,1738.86724223779,945.747935738415,21
0.2,17890,66,11949,257,5941,163,90,90,228.603400853183,2451.22715750429,1775.5796920849,981.187172441433,22
0.2,17588,64,11827,282,5761,191,90,90,217.581461582973,2357.52966751951,1800.70145571203,852.196558647603,23
0.2,17707,68,11585,281,6122,192,90,90,181.5155067765,2544.43280409525,1661.19438251397,807.020138109227,24
0.2,17963,74,11303,267,6660,210,90,90,260.791519970152,2684.14394195916,1710.00000000005,1000.58880578565,25
0.2,17173,61,11683,266,5490,170,90,90,266.355850891598,2376.00623022278,1802.99999999992,932.426536328842,26
0.2,18396,77,11466,245,6930,221,90,90,211.223581000997,2895.34066954404,1697.99999999998,1128.6152804022,27
0.2,17840,71,11450,298,6390,189,90,90,318.392744741038,2539.63757050764,1780.39395699338,1028.67012988776,28
0.2,18752,74,12091,291,6661,203,90,90,235,2721.80614028261,1800.00000000004,931.106994576007,29
0.2,18059,72,11577,268,6482,173,90,90,258.730581886785,2680.46806674053,1772.99999999993,1022.7013260891,30
0.2,22108,91,11295,276,10813,345,120,120,244.478036075551,4198.40340653777,1716.4581413483,1123.66157417471,1
0.2,21639,84,11559,272,10080,313,120,120,199.319422284886,3937.27030516833,1787.27836190469,1035.8433652545,2
0.2,19817,69,11537,253,8280,258,120,120,298.906482883915,3422.7125186791,1753.70848097143,1049.88930145328,3
0.2,19284,65,11483,291,7801,231,120,120,270.549168787152,2941.1144883429,1699,1138.79940035815,4
0.2,19234,66,11314,252,7920,224,120,120,297.416502614723,2882.81345188625,1700.39470455112,1025.55678079054,5
0.2,19386,64,11706,260,7680,217,120,120,282.931675047489,3224.22632215023,1765.90148478211,1100.93457544918,6
0.2,19522,65,11722,271,7800,246,120,120,415.632340621358,3154.14649277385,1743.87746972502,1216.22572448775,7
0.2,21322,85,11118,230,10204,290,120,120,322.74233825102,3583.52549884965,1780.38552845533,1214.32355347698,8
0.2,19975,73,11215,262,8760,255,120,120,168.279673353955,3312.90999250114,1779.48238888559,1142.52995041981,9
0.2,20615,72,11975,287,8640,260,120,120,234.451559993392,3592.5425333688,1708.36995400414,1080.62033427285,10
0.2,20676,80,11076,273,9600,284,120,120,265.976537070796,3563.89212656816,1690.46663554231,1174.25082923224,11
0.2,20665,75,11660,268,9005,257,120,120,259.92032067754,3488.97867671743,1776.00000000002,1194.82203921924,12
0.2,20674,75,11673,264,9001,305,120,120,253,3421.84861624402,1664.23501142985,1337.90163889105,13
0.2,20401,72,11761,300,8640,252,120,120,176.785192788159,3322.85938086483,1803.99999999991,1241.22346584151,14
0.2,20331,72,11691,262,8640,256,120,120,309.348995251705,3309.96671898514,1802,1218.82200126847,15
0.2,18715,59,11635,295,7080,224,120,120,264.946564589487,2803.68750887612,1760.01284592724,985.630955679342,16
0.2,20091,78,10731,248,9360,292,120,120,282.087612351247,3295.99763022429,1774.99999999996,1047.55375380367,17
0.2,21586,82,11746,275,9840,296,120,120,251.12879207643,3989.8801913321,1731.11513962536,1114.08302219709,18
0.2,20037,74,11153,279,8884,273,120,120,170.195228304341,3326.75469288081,1682.17604192768,1119.2731743065,19
0.2,19843,70,11443,260,8400,264,120,120,287.763324573434,3239.34617655873,1726.84672339543,1213.00062449127,20
0.2,20637,76,11517,271,9120,272,120,120,288.919943182795,3565.95703547277,1821.83982714311,1264.74126464178,21
0.2,19430,66,11572,237,7858,245,120,120,309.156136457777,2885.41162444648,1710.99999999977,1210.54949554329,22
0.2,19356,64,11674,317,7682,212,120,120,311.219727669346,3157.89092151893,1695.14910667121,1058.52340071326,23
0.2,19344,68,11181,276,8163,246,120,120,346.450801133031,3010.87009320762,1778.70921059037,952.085692613572,24
0.2,20455,74,11575,255,8880,263,120,120,250.812685408847,3607.63520274675,1765.65414889959,1074.39959768976,25
0.2,19286,61,11966,272,7320,204,120,120,129.879933795938,2875.61039140771,1839.13317288719,1141.03582233538,26
0.2,20867,77,11627,288,9240,282,120,120,295.487455383197,3610.81810061981,1722.9999999999,1209.2268217134,27
0.2,20357,71,11837,268,8520,292,120,120,243.535451100782,3568.23742963771,1774.92804313598,1108.17601875315,28
0.2,20779,74,11897,258,8882,296,120,120,295.731796607298,3645.28671815868,1735.00000000002,1189.58673779046,29
0.2,20632,72,11988,297,8644,263,120,120,299.958833928887,3640.79557171434,1696,1175.87542211538,30
0.2,26706,91,10482,246,16224,443,180,180,366.884532710351,5801.71353140649,1720.99999999981,1639.61121600618,1
0.2,25640,84,10520,265,15120,425,180,180,410.510057146692,5565.59441034029,1774.99999999992,1309.98636588529,2
0.2,23516,69,11096,298,12420,366,180,180,326.303580401349,4672.10059218705,1768.89361723129,1208.27289368659,3
0.2,23084,65,11383,286,11701,339,180,180,371.995781653312,4422.39435950849,1749.91212430405,1291.8839740398,4
0.2,23259,66,11378,289,11881,359,180,180,248.701471844246,4362.96615779023,1721.21639376407,1264.99789583385,5
0.2,22643,64,11123,280,11520,337,180,180,318.999999999999,4113.06122640227,1810.00000000008,1323.15320699687,6
0.2,23014,65,11313,254,11701,335,180,180,267.503877827789,4258.16964228037,1716.48410662545,1337.35239075472,7
0.2,26633,85,11329,309,15304,461,180,180,510.984850861691,5682.58364661522,1768.65187435543,1487.24025192335,8
0.2,23975,73,10835,254,13140,415,180,180,222.761014190165,5047.08448445201,1719.41380483824,1257.03609927818,9
0.2,23429,72,10469,237,12960,367,180,180,419.967793035662,4457.09799092577,1743.0000000001,1408.16401188572,10
0.2,25418,80,11018,251,14400,455,180,180,345.614994072363,5406.15820706586,1697,1497.31706805254,11
0.2,24567,75,11063,252,13504,358,180,180,323.501574272236,5044.6817896381,1840.3456068778,1145.33236730943,12
0.2,24518,75,11015,273,13503,387,180,180,211.59963584713,5176.94568341384,1790.35723708442,1322.80890471513,13
0.2,24208,72,11248,246,12960,409,180,180,356.483107822815,4804.99351408283,1704,1516.32281098217,14
0.2,24095,72,11135,289,12960,378,180,180,312.061990552194,4832.67013862034,1763.01636969645,1302.09593515197,15
0.2,21974,59,11354,285,10620,275,180,180,243.293203482435,4151.22861584524,1782.00000000025,1158.96587421944,16
0.2,24727,78,10684,256,14043,413,180,180,384.766839469356,5073.5831472644,1738.16982826016,1358.45873336817,17
0.2,25570,82,10810,241,14760,466,180,180,329.355267568196,5198.25260290491,1780.30766753473,1368.68225815271,18
0.2,23949,74,10626,255,13323,402,180,180,395.227230280405,4801.89753289651,1707.7142491414,1278.69580776716,19
0.2,23663,70,11062,255,12601,375,180,180,385.700127520598,4773.62335743483,1733.99999999995,1321.7676680704,20
0.2,24869,76,11189,282,13680,423,180,180,544.350046260639,5106.81943495461,1697.97791225924,1334.68941979731,21
0.2,23205,66,11431,265,11774,353,180,180,255.378580794181,4341.11696835382,1874.22925538677,1231.74230583082,22
0.2,22452,64,10931,271,11521,355,180,180,402.281811679061,4260.84209349683,1761.41261842447,957.44746319366,23
0.2,23208,68,10968,266,12240,385,180,180,269.483581004214,4371.54632115538,1706.86583134037,1197.6953964514,24
0.2,24119,74,10799,248,13320,353,180,180,297.333946727092,4728.27062881752,1750.97420169709,1265.11870506679,25
0.2,22197,61,11217,249,10980,361,180,180,295.066656033276,3950.64083245855,1714.00000000003,1293.99999999975,26
0.2,25107,77,11247,278,13860,451,180,180,451.211301899034,5356.85782236501,1731.99999999997,1278.47300106486,27
0.2,24189,71,11409,302,12780,368,180,180,156.406207934352,4936.12404321432,1715.59875466777,1446.60837479308,28
0.2,23676,74,10352,260,13324,377,180,180,313.845610795651,4639.05843969147,1831.99999999996,1266.31277882258,29
0.2,23723,72,10759,278,12964,401,180,180,304.710495348352,4733.37036313556,1724.92108887592,1536.40942988321,30
