"hold_beds","evac_threshold_min","evac_threshold_days","mean_r2b_hold_q","ci_lower_r2b_hold_q","ci_upper_r2b_hold_q","mean_r2b_hold_util","ci_lower_r2b_hold_util","ci_upper_r2b_hold_util","mean_r2e_hold_q","ci_lower_r2e_hold_q","ci_upper_r2e_hold_q","mean_r2e_hold_util","ci_lower_r2e_hold_util","ci_upper_r2e_hold_util","mean_r2e_icu_q","ci_lower_r2e_icu_q","ci_upper_r2e_icu_q","mean_r2e_icu_util","ci_lower_r2e_icu_util","ci_upper_r2e_icu_util","mean_rtd","ci_lower_rtd","ci_upper_rtd","mean_dow","ci_lower_dow","ci_upper_dow"
5,0,0,6.2141715652229,5.49712703360411,6.93121609684169,0.786775248581018,0.779780006072922,0.793770491089114,0.212445214673234,0.0722900509590642,0.352600378387403,0.518510073475634,0.493339707420068,0.5436804395312,0.745471317080688,0.539852726539621,0.951089907621756,0.871012826191419,0.859987401378996,0.882038251003841,2118.83333333333,2092.66731140872,2144.99935525795,15.4,14.1380922249229,16.6619077750771
7,0,0,4.08200224507794,3.53902474008743,4.62497975006844,0.778712613003317,0.771300708059579,0.786124517947054,0.123428702383093,0.0352137543529542,0.211643650413233,0.449738746434834,0.427605716158244,0.471871776711424,0.848057259674924,0.568989777963012,1.12712474138683,0.87413950119273,0.863006020383002,0.885272982002459,2289.86666666667,2262.43496443517,2317.29836889816,14.3666666666667,12.4463595260138,16.2869738073195
10,0,0,0.991410877723921,0.671465667857863,1.31135608758998,0.671557975316917,0.662064021134273,0.681051929499561,0.125099751988877,0,0.300037272032668,0.413022065533679,0.390908699227697,0.435135431839662,0.963104497545413,0.731925267911244,1.19428372717958,0.879003278720774,0.867213096982272,0.890793460459277,2407.93333333333,2379.15391123705,2436.71275542961,9.9,8.48455107675656,11.3154489232434
5,1440,1,0.158664294369407,0.104611110462448,0.212717478276365,0.318729184557563,0.308981411931203,0.328476957183924,12.0478720624807,6.51395079574851,17.5817933292129,0.797568523396401,0.763947444145373,0.831189602647429,2.75490879656851,1.40195928126529,4.10785831187174,0.899613914798873,0.883276706777948,0.915951122819797,2615.7,2579.63729494472,2651.76270505528,11.9,10.4084692825527,13.3915307174473
7,1440,1,0.0418716143172878,0.0193351810973532,0.0644080475372223,0.22902130190486,0.222414790059899,0.23562781374982,7.91709232025917,5.04172769980658,10.7924569407118,0.782650881477792,0.753524836822719,0.811776926132865,2.41548773322266,1.33373475826702,3.4972407081783,0.899079407515218,0.884562967884847,0.91359584714559,2603.33333333333,2563.29919269417,2643.3674739725,11.5333333333333,9.96823964764562,13.098427019021
10,1440,1,0.00623403257969827,0.00141939587341855,0.011048669285978,0.167909116403576,0.162652859746939,0.173165373060214,9.09956604584334,5.97053569177187,12.2285963999148,0.80251044697373,0.769956787611636,0.835064106335825,2.88018735897592,0.939547157081508,4.82082756087033,0.899123175061573,0.881526964797896,0.916719385325251,2609.83333333333,2576.0411509799,2643.62551568677,11.0333333333333,9.89192671464479,12.1747399520219
5,4320,3,1.63359587832578,1.42477214126509,1.84241961538647,0.659236629046546,0.650536974552763,0.66793628354033,0.913521603048062,0.454935524113242,1.37210768198288,0.62068476948593,0.595187484247721,0.646182054724138,0.815868726018668,0.598995605161858,1.03274184687548,0.877894187967747,0.870823342257809,0.884965033677685,2315.23333333333,2287.3043440436,2343.16232262306,13.5333333333333,11.9682396476456,15.098427019021
7,4320,3,0.845542081325521,0.691817064220258,0.999267098430783,0.5939983171166,0.582439574078969,0.605557060154231,1.44189658088067,0,3.0188809761722,0.613830859137272,0.57723061505111,0.650431103223433,1.75102749847123,0.0596108826818478,3.44244411426061,0.879225972326472,0.864595839520297,0.893856105132648,2497.6,2463.17189553639,2532.02810446361,13,11.8648588980981,14.1351411019019
10,4320,3,0.203031740311968,0.0400299912480591,0.366033489375876,0.462013769034364,0.450757123420766,0.473270414647962,1.01467554356841,0.267865511753866,1.76148557538296,0.595741423497513,0.5647281544293,0.626754692565726,1.94131028075683,0.589818469966253,3.2928020915474,0.888017217379927,0.87453285582332,0.901501578936534,2589.43333333333,2545.20904606574,2633.65762060092,11.6,9.95443979856434,13.2455602014357
5,7200,5,4.39796480679439,3.76794123778217,5.02798837580662,0.759487277076794,0.75162647572509,0.767348078428498,1.28104684546148,0,3.31668428519483,0.548281572002549,0.51771316668938,0.578849977315719,1.69874077024748,0.621914342994973,2.77556719749998,0.876404949326436,0.8639588902248,0.888851008428071,2188.5,2157.73723695196,2219.26276304804,16.1666666666667,14.4482614871047,17.8850718462287
7,7200,5,2.75894528942829,2.35228497007409,3.16560560878249,0.730721717277408,0.720611364515526,0.74083207003929,0.83163150519528,0,1.72118899185465,0.531645926407925,0.499975999529726,0.563315853286124,1.35845543682908,0.641115457963697,2.07579541569447,0.894867565547471,0.884325227013063,0.905409904081879,2370.53333333333,2336.27306387628,2404.79360279039,13.7,12.3692903338063,15.0307096661937
10,7200,5,0.568518718750943,0.378824536407256,0.75821290109463,0.608623539884035,0.595870037647972,0.621377042120097,0.0909204210395144,0.00793663849926821,0.173904203579761,0.455688530902994,0.436940035543851,0.474437026262137,0.884688567755958,0.641715247467858,1.12766188804406,0.87859135821228,0.868525882332213,0.888656834092347,2504.06666666667,2469.30883650307,2538.82449683027,10.3333333333333,9.01283981905066,11.653826847616
5,10080,7,5.92037498069518,5.29090641546809,6.54984354592227,0.786290922386535,0.778641925136026,0.793939919637044,0.308913427205563,0.0305229494203306,0.587303904990796,0.523608989525622,0.498953467686672,0.548264511364571,0.788837919646033,0.575887816576154,1.00178802271591,0.881957622726001,0.871148327556139,0.892766917895864,2139.5,2107.0906808309,2171.9093191691,16.4,14.9076636158179,17.8923363841821
7,10080,7,3.94232188486481,3.44076997713188,4.44387379259774,0.765256787071769,0.75558647832854,0.774927095814999,0.144618771755778,0,0.378869310698475,0.461489861192424,0.435658042239556,0.487321680145291,0.956826658475215,0.668340408719311,1.24531290823112,0.880463299355368,0.870827654753595,0.890098943957141,2309.73333333333,2277.86449136636,2341.60217530031,14.6333333333333,12.7740874437844,16.4925792228822
10,10080,7,1.18478239884464,0.669408363402081,1.7001564342872,0.658682367395631,0.646283497024369,0.671081237766892,0.109323933841257,0,0.227449549268167,0.416944639623507,0.393741834352506,0.440147444894508,1.3817585158472,0.577862042316601,2.1856549893778,0.878644907847683,0.864048533203238,0.893241282492128,2414.5,2385.75504435158,2443.24495564842,10.6666666666667,9.5091561020727,11.8241772312606
