"vehicle","qty","mean_q","ci_lower_q","ci_upper_q","mean_util","ci_lower_util","ci_upper_util"
"PMVAmb",1,46.7132014648265,37.7039227254651,55.7224802041879,0.928999058652751,0.908854087392372,0.94914402991313
"PMVAmb",2,1.12593959910431,0.884031393833871,1.36784780437474,0.459587514917704,0.448016186520119,0.471158843315289
"PMVAmb",3,0.218784945145299,0.160449787603575,0.277120102687023,0.308832045464791,0.300436819649773,0.317227271279809
"PMVAmb",4,0.0643847241167557,0.0366428222539202,0.0921266259795912,0.229745107909896,0.224259942153001,0.235230273666791
"PMVAmb",5,0.0121599804269124,0.00880271149708944,0.0155172493567353,0.181457427550746,0.176839486349209,0.186075368752282
"HX240M",1,0.120174827270528,0.100578789748926,0.13977086479213,0.255291971209163,0.247628317050877,0.26295562536745
"HX240M",2,0.00896583260564983,0.00753141108399832,0.0104002541273014,0.127211281447959,0.123225266218997,0.131197296676921
"HX240M",3,0.00134695192112123,0.000936036752168054,0.00175786709007441,0.0848382168265633,0.0819715439179222,0.0877048897352044
"HX240M",4,0.000225843722053177,9.55418556588699e-05,0.000356145588447484,0.0646127994663896,0.0626638999527694,0.0665616989800098
